gene,amino_acid,pango,number_sequences,change
ORF1a,A1306S,AY.129,14866,ORF1a:A1306S
ORF1a,P2046L,AY.129,14866,ORF1a:P2046L
ORF1a,P2287S,AY.129,14866,ORF1a:P2287S
ORF1a,V2930L,AY.129,14866,ORF1a:V2930L
ORF1a,T3255I,AY.129,14866,ORF1a:T3255I
ORF1a,T3646A,AY.129,14866,ORF1a:T3646A
ORF1b,P314L,AY.129,14866,ORF1b:P314L
ORF1b,G662S,AY.129,14866,ORF1b:G662S
ORF1b,P1000L,AY.129,14866,ORF1b:P1000L
ORF1b,A1918V,AY.129,14866,ORF1b:A1918V
ORF1b,D2576G,AY.129,14866,ORF1b:D2576G
S,T19R,AY.129,14866,S:T19R
S,T95I,AY.129,14866,S:T95I
S,E156G,AY.129,14866,S:E156G
S,del157/158,AY.129,14866,S:del157/158
S,L452R,AY.129,14866,S:L452R
S,T478K,AY.129,14866,S:T478K
S,D614G,AY.129,14866,S:D614G
S,P681R,AY.129,14866,S:P681R
S,D950N,AY.129,14866,S:D950N
ORF3a,S26L,AY.129,14866,ORF3a:S26L
M,I82T,AY.129,14866,M:I82T
ORF7a,V82A,AY.129,14866,ORF7a:V82A
ORF7a,T120I,AY.129,14866,ORF7a:T120I
ORF7b,T40I,AY.129,14866,ORF7b:T40I
ORF8,S84L,AY.129,14866,ORF8:S84L
ORF8,I88T,AY.129,14866,ORF8:I88T
ORF8,del119/120,AY.129,14866,ORF8:del119/120
N,D63G,AY.129,14866,N:D63G
N,R203M,AY.129,14866,N:R203M
N,G215C,AY.129,14866,N:G215C
N,D377Y,AY.129,14866,N:D377Y
ORF1a,S100C,AY.4.3,2227,ORF1a:S100C
ORF1a,A1306S,AY.4.3,2227,ORF1a:A1306S
ORF1a,P2046L,AY.4.3,2227,ORF1a:P2046L
ORF1a,P2287S,AY.4.3,2227,ORF1a:P2287S
ORF1a,L2329V,AY.4.3,2227,ORF1a:L2329V
ORF1a,A2529V,AY.4.3,2227,ORF1a:A2529V
ORF1a,P2685T,AY.4.3,2227,ORF1a:P2685T
ORF1a,V2930L,AY.4.3,2227,ORF1a:V2930L
ORF1a,T3255I,AY.4.3,2227,ORF1a:T3255I
ORF1a,T3646A,AY.4.3,2227,ORF1a:T3646A
ORF1b,P314L,AY.4.3,2227,ORF1b:P314L
ORF1b,G662S,AY.4.3,2227,ORF1b:G662S
ORF1b,P1000L,AY.4.3,2227,ORF1b:P1000L
ORF1b,A1918V,AY.4.3,2227,ORF1b:A1918V
S,T19R,AY.4.3,2227,S:T19R
S,P26S,AY.4.3,2227,S:P26S
S,T95I,AY.4.3,2227,S:T95I
S,E156G,AY.4.3,2227,S:E156G
S,del157/158,AY.4.3,2227,S:del157/158
S,L452R,AY.4.3,2227,S:L452R
S,T478K,AY.4.3,2227,S:T478K
S,D614G,AY.4.3,2227,S:D614G
S,P681R,AY.4.3,2227,S:P681R
S,D950N,AY.4.3,2227,S:D950N
ORF3a,S26L,AY.4.3,2227,ORF3a:S26L
M,I82T,AY.4.3,2227,M:I82T
ORF7a,V82A,AY.4.3,2227,ORF7a:V82A
ORF7a,T120I,AY.4.3,2227,ORF7a:T120I
ORF7b,T40I,AY.4.3,2227,ORF7b:T40I
ORF8,S84L,AY.4.3,2227,ORF8:S84L
ORF8,del119/120,AY.4.3,2227,ORF8:del119/120
N,D63G,AY.4.3,2227,N:D63G
N,R203M,AY.4.3,2227,N:R203M
N,G215C,AY.4.3,2227,N:G215C
N,D377Y,AY.4.3,2227,N:D377Y
ORF1a,A1306S,AY.94,2911,ORF1a:A1306S
ORF1a,Q2034H,AY.94,2911,ORF1a:Q2034H
ORF1a,P2046L,AY.94,2911,ORF1a:P2046L
ORF1a,P2287S,AY.94,2911,ORF1a:P2287S
ORF1a,V2930L,AY.94,2911,ORF1a:V2930L
ORF1a,T3255I,AY.94,2911,ORF1a:T3255I
ORF1a,T3646A,AY.94,2911,ORF1a:T3646A
ORF1b,P314L,AY.94,2911,ORF1b:P314L
ORF1b,G662S,AY.94,2911,ORF1b:G662S
ORF1b,P1000L,AY.94,2911,ORF1b:P1000L
ORF1b,V1170F,AY.94,2911,ORF1b:V1170F
ORF1b,A1918V,AY.94,2911,ORF1b:A1918V
S,T19R,AY.94,2911,S:T19R
S,E156G,AY.94,2911,S:E156G
S,del157/158,AY.94,2911,S:del157/158
S,L452R,AY.94,2911,S:L452R
S,T478K,AY.94,2911,S:T478K
S,D614G,AY.94,2911,S:D614G
S,P681R,AY.94,2911,S:P681R
S,D950N,AY.94,2911,S:D950N
ORF3a,S26L,AY.94,2911,ORF3a:S26L
M,I82T,AY.94,2911,M:I82T
ORF7a,V82A,AY.94,2911,ORF7a:V82A
ORF7a,T120I,AY.94,2911,ORF7a:T120I
ORF7b,T40I,AY.94,2911,ORF7b:T40I
ORF8,S84L,AY.94,2911,ORF8:S84L
ORF8,del119/120,AY.94,2911,ORF8:del119/120
N,D63G,AY.94,2911,N:D63G
N,R203M,AY.94,2911,N:R203M
N,G215C,AY.94,2911,N:G215C
N,D377Y,AY.94,2911,N:D377Y
ORF1b,P314L,AY.57,4600,ORF1b:P314L
ORF1b,G662S,AY.57,4600,ORF1b:G662S
ORF1b,P1000L,AY.57,4600,ORF1b:P1000L
S,T19R,AY.57,4600,S:T19R
S,E156G,AY.57,4600,S:E156G
S,del157/158,AY.57,4600,S:del157/158
S,L452R,AY.57,4600,S:L452R
S,T478K,AY.57,4600,S:T478K
S,D614G,AY.57,4600,S:D614G
S,P681R,AY.57,4600,S:P681R
S,D950N,AY.57,4600,S:D950N
ORF3a,S26L,AY.57,4600,ORF3a:S26L
M,I82T,AY.57,4600,M:I82T
ORF7a,V82A,AY.57,4600,ORF7a:V82A
ORF7a,T120I,AY.57,4600,ORF7a:T120I
ORF8,S84L,AY.57,4600,ORF8:S84L
ORF8,del119/120,AY.57,4600,ORF8:del119/120
N,D63G,AY.57,4600,N:D63G
N,R203M,AY.57,4600,N:R203M
N,D377Y,AY.57,4600,N:D377Y
ORF1a,A1306S,AY.43,301238,ORF1a:A1306S
ORF1a,P2046L,AY.43,301238,ORF1a:P2046L
ORF1a,P2287S,AY.43,301238,ORF1a:P2287S
ORF1a,V2930L,AY.43,301238,ORF1a:V2930L
ORF1a,T3255I,AY.43,301238,ORF1a:T3255I
ORF1a,T3646A,AY.43,301238,ORF1a:T3646A
ORF1b,P314L,AY.43,301238,ORF1b:P314L
ORF1b,G662S,AY.43,301238,ORF1b:G662S
ORF1b,L829I,AY.43,301238,ORF1b:L829I
ORF1b,P1000L,AY.43,301238,ORF1b:P1000L
ORF1b,A1918V,AY.43,301238,ORF1b:A1918V
S,T19R,AY.43,301238,S:T19R
S,E156G,AY.43,301238,S:E156G
S,del157/158,AY.43,301238,S:del157/158
S,L452R,AY.43,301238,S:L452R
S,T478K,AY.43,301238,S:T478K
S,D614G,AY.43,301238,S:D614G
S,P681R,AY.43,301238,S:P681R
S,D950N,AY.43,301238,S:D950N
ORF3a,S26L,AY.43,301238,ORF3a:S26L
M,I82T,AY.43,301238,M:I82T
ORF7a,V82A,AY.43,301238,ORF7a:V82A
ORF7a,T120I,AY.43,301238,ORF7a:T120I
ORF7b,T40I,AY.43,301238,ORF7b:T40I
ORF8,S84L,AY.43,301238,ORF8:S84L
ORF8,del119/120,AY.43,301238,ORF8:del119/120
N,Q9L,AY.43,301238,N:Q9L
N,D63G,AY.43,301238,N:D63G
N,R203M,AY.43,301238,N:R203M
N,G215C,AY.43,301238,N:G215C
N,D377Y,AY.43,301238,N:D377Y
ORF1a,V665I,AY.42,28548,ORF1a:V665I
ORF1a,A1306S,AY.42,28548,ORF1a:A1306S
ORF1a,P2046L,AY.42,28548,ORF1a:P2046L
ORF1a,P2287S,AY.42,28548,ORF1a:P2287S
ORF1a,V2930L,AY.42,28548,ORF1a:V2930L
ORF1a,T3255I,AY.42,28548,ORF1a:T3255I
ORF1a,T3646A,AY.42,28548,ORF1a:T3646A
ORF1b,P314L,AY.42,28548,ORF1b:P314L
ORF1b,G662S,AY.42,28548,ORF1b:G662S
ORF1b,P1000L,AY.42,28548,ORF1b:P1000L
ORF1b,A1918V,AY.42,28548,ORF1b:A1918V
S,T19R,AY.42,28548,S:T19R
S,T95I,AY.42,28548,S:T95I
S,E156G,AY.42,28548,S:E156G
S,del157/158,AY.42,28548,S:del157/158
S,L452R,AY.42,28548,S:L452R
S,T478K,AY.42,28548,S:T478K
S,D614G,AY.42,28548,S:D614G
S,P681R,AY.42,28548,S:P681R
S,D950N,AY.42,28548,S:D950N
ORF3a,S26L,AY.42,28548,ORF3a:S26L
M,I82T,AY.42,28548,M:I82T
ORF7a,V82A,AY.42,28548,ORF7a:V82A
ORF7a,T120I,AY.42,28548,ORF7a:T120I
ORF7b,T40I,AY.42,28548,ORF7b:T40I
ORF8,S84L,AY.42,28548,ORF8:S84L
ORF8,del119/120,AY.42,28548,ORF8:del119/120
N,D63G,AY.42,28548,N:D63G
N,R203M,AY.42,28548,N:R203M
N,G215C,AY.42,28548,N:G215C
N,D377Y,AY.42,28548,N:D377Y
ORF1a,I300F,D.5,207,ORF1a:I300F
ORF1a,T1055I,D.5,207,ORF1a:T1055I
ORF1b,P314L,D.5,207,ORF1b:P314L
ORF1b,R2257S,D.5,207,ORF1b:R2257S
S,D614G,D.5,207,S:D614G
ORF3a,S171L,D.5,207,ORF3a:S171L
ORF8,S84L,D.5,207,ORF8:S84L
N,R203K,D.5,207,N:R203K
N,G204R,D.5,207,N:G204R
ORF1a,A1306S,AY.4.2,85953,ORF1a:A1306S
ORF1a,P2046L,AY.4.2,85953,ORF1a:P2046L
ORF1a,P2287S,AY.4.2,85953,ORF1a:P2287S
ORF1a,A2529V,AY.4.2,85953,ORF1a:A2529V
ORF1a,V2930L,AY.4.2,85953,ORF1a:V2930L
ORF1a,T3255I,AY.4.2,85953,ORF1a:T3255I
ORF1a,T3646A,AY.4.2,85953,ORF1a:T3646A
ORF1b,P314L,AY.4.2,85953,ORF1b:P314L
ORF1b,G662S,AY.4.2,85953,ORF1b:G662S
ORF1b,P1000L,AY.4.2,85953,ORF1b:P1000L
ORF1b,A1918V,AY.4.2,85953,ORF1b:A1918V
S,T19R,AY.4.2,85953,S:T19R
S,T95I,AY.4.2,85953,S:T95I
S,G142D,AY.4.2,85953,S:G142D
S,Y145H,AY.4.2,85953,S:Y145H
S,E156G,AY.4.2,85953,S:E156G
S,del157/158,AY.4.2,85953,S:del157/158
S,A222V,AY.4.2,85953,S:A222V
S,L452R,AY.4.2,85953,S:L452R
S,T478K,AY.4.2,85953,S:T478K
S,D614G,AY.4.2,85953,S:D614G
S,P681R,AY.4.2,85953,S:P681R
S,D950N,AY.4.2,85953,S:D950N
ORF3a,S26L,AY.4.2,85953,ORF3a:S26L
M,I82T,AY.4.2,85953,M:I82T
ORF7a,V82A,AY.4.2,85953,ORF7a:V82A
ORF7a,T120I,AY.4.2,85953,ORF7a:T120I
ORF7b,T40I,AY.4.2,85953,ORF7b:T40I
ORF8,S84L,AY.4.2,85953,ORF8:S84L
ORF8,del119/120,AY.4.2,85953,ORF8:del119/120
N,D63G,AY.4.2,85953,N:D63G
N,R203M,AY.4.2,85953,N:R203M
N,G215C,AY.4.2,85953,N:G215C
N,D377Y,AY.4.2,85953,N:D377Y
ORF1b,P314L,B.1.177.41,379,ORF1b:P314L
ORF1b,S961L,B.1.177.41,379,ORF1b:S961L
S,A222V,B.1.177.41,379,S:A222V
S,D614G,B.1.177.41,379,S:D614G
S,P1162S,B.1.177.41,379,S:P1162S
ORF8,S84L,B.1.177.41,379,ORF8:S84L
N,A220V,B.1.177.41,379,N:A220V
N,P365S,B.1.177.41,379,N:P365S
ORF10,V30L,B.1.177.41,379,ORF10:V30L
ORF1b,P314L,B.1.177.82,2159,ORF1b:P314L
S,A222V,B.1.177.82,2159,S:A222V
S,A262S,B.1.177.82,2159,S:A262S
S,P272L,B.1.177.82,2159,S:P272L
S,D614G,B.1.177.82,2159,S:D614G
ORF8,S84L,B.1.177.82,2159,ORF8:S84L
N,A220V,B.1.177.82,2159,N:A220V
ORF10,V30L,B.1.177.82,2159,ORF10:V30L
ORF1b,P314L,B.1.177.80,538,ORF1b:P314L
ORF1b,R2613N,B.1.177.80,538,ORF1b:R2613N
S,L18F,B.1.177.80,538,S:L18F
S,A222V,B.1.177.80,538,S:A222V
S,D614G,B.1.177.80,538,S:D614G
ORF8,S84L,B.1.177.80,538,ORF8:S84L
N,A220V,B.1.177.80,538,N:A220V
ORF10,V30L,B.1.177.80,538,ORF10:V30L
ORF1a,A1306S,AY.102,18603,ORF1a:A1306S
ORF1a,P2046L,AY.102,18603,ORF1a:P2046L
ORF1a,P2287S,AY.102,18603,ORF1a:P2287S
ORF1a,V2930L,AY.102,18603,ORF1a:V2930L
ORF1a,T3255I,AY.102,18603,ORF1a:T3255I
ORF1a,T3646A,AY.102,18603,ORF1a:T3646A
ORF1b,P314L,AY.102,18603,ORF1b:P314L
ORF1b,G662S,AY.102,18603,ORF1b:G662S
ORF1b,P1000L,AY.102,18603,ORF1b:P1000L
ORF1b,A1918V,AY.102,18603,ORF1b:A1918V
S,T19R,AY.102,18603,S:T19R
S,T95I,AY.102,18603,S:T95I
S,E156G,AY.102,18603,S:E156G
S,del157/158,AY.102,18603,S:del157/158
S,L452R,AY.102,18603,S:L452R
S,T478K,AY.102,18603,S:T478K
S,D614G,AY.102,18603,S:D614G
S,P681R,AY.102,18603,S:P681R
S,D950N,AY.102,18603,S:D950N
ORF3a,S26L,AY.102,18603,ORF3a:S26L
M,I82T,AY.102,18603,M:I82T
ORF7a,V82A,AY.102,18603,ORF7a:V82A
ORF7a,T120I,AY.102,18603,ORF7a:T120I
ORF7b,T40I,AY.102,18603,ORF7b:T40I
ORF8,S84L,AY.102,18603,ORF8:S84L
ORF8,del119/120,AY.102,18603,ORF8:del119/120
N,D63G,AY.102,18603,N:D63G
N,R203M,AY.102,18603,N:R203M
N,G215C,AY.102,18603,N:G215C
N,D377Y,AY.102,18603,N:D377Y
ORF1a,P1640L,AY.9,14763,ORF1a:P1640L
ORF1a,A3209V,AY.9,14763,ORF1a:A3209V
ORF1a,V3718A,AY.9,14763,ORF1a:V3718A
ORF1a,T3750I,AY.9,14763,ORF1a:T3750I
ORF1b,P314L,AY.9,14763,ORF1b:P314L
ORF1b,G662S,AY.9,14763,ORF1b:G662S
ORF1b,P1000L,AY.9,14763,ORF1b:P1000L
S,T19R,AY.9,14763,S:T19R
S,E156G,AY.9,14763,S:E156G
S,del157/158,AY.9,14763,S:del157/158
S,A222V,AY.9,14763,S:A222V
S,L452R,AY.9,14763,S:L452R
S,T478K,AY.9,14763,S:T478K
S,D614G,AY.9,14763,S:D614G
S,P681R,AY.9,14763,S:P681R
S,D950N,AY.9,14763,S:D950N
ORF3a,S26L,AY.9,14763,ORF3a:S26L
M,I82T,AY.9,14763,M:I82T
ORF7a,V82A,AY.9,14763,ORF7a:V82A
ORF7a,T120I,AY.9,14763,ORF7a:T120I
ORF8,S84L,AY.9,14763,ORF8:S84L
ORF8,del119/120,AY.9,14763,ORF8:del119/120
N,D63G,AY.9,14763,N:D63G
N,R203M,AY.9,14763,N:R203M
N,D377Y,AY.9,14763,N:D377Y
ORF1a,A1306S,AY.116,4413,ORF1a:A1306S
ORF1a,P2046L,AY.116,4413,ORF1a:P2046L
ORF1a,P2287S,AY.116,4413,ORF1a:P2287S
ORF1a,V2930L,AY.116,4413,ORF1a:V2930L
ORF1a,T3255I,AY.116,4413,ORF1a:T3255I
ORF1a,I3476V,AY.116,4413,ORF1a:I3476V
ORF1a,T3646A,AY.116,4413,ORF1a:T3646A
ORF1b,P314L,AY.116,4413,ORF1b:P314L
ORF1b,G662S,AY.116,4413,ORF1b:G662S
ORF1b,P1000L,AY.116,4413,ORF1b:P1000L
ORF1b,A1918V,AY.116,4413,ORF1b:A1918V
S,T19R,AY.116,4413,S:T19R
S,L452R,AY.116,4413,S:L452R
S,T478K,AY.116,4413,S:T478K
S,D614G,AY.116,4413,S:D614G
S,P681R,AY.116,4413,S:P681R
S,D950N,AY.116,4413,S:D950N
ORF3a,S26L,AY.116,4413,ORF3a:S26L
M,I82T,AY.116,4413,M:I82T
ORF7a,V82A,AY.116,4413,ORF7a:V82A
ORF7a,T120I,AY.116,4413,ORF7a:T120I
ORF7b,T40I,AY.116,4413,ORF7b:T40I
ORF8,S84L,AY.116,4413,ORF8:S84L
ORF8,del119/120,AY.116,4413,ORF8:del119/120
N,D63G,AY.116,4413,N:D63G
N,R203M,AY.116,4413,N:R203M
N,G215C,AY.116,4413,N:G215C
N,D377Y,AY.116,4413,N:D377Y
ORF1b,P314L,B.1,111931,ORF1b:P314L
S,D614G,B.1,111931,S:D614G
ORF8,S84L,B.1,111931,ORF8:S84L
ORF1a,A1306S,AY.41,6090,ORF1a:A1306S
ORF1a,P2046L,AY.41,6090,ORF1a:P2046L
ORF1a,P2287S,AY.41,6090,ORF1a:P2287S
ORF1a,V2930L,AY.41,6090,ORF1a:V2930L
ORF1a,T3255I,AY.41,6090,ORF1a:T3255I
ORF1a,T3646A,AY.41,6090,ORF1a:T3646A
ORF1b,K82R,AY.41,6090,ORF1b:K82R
ORF1b,P314L,AY.41,6090,ORF1b:P314L
ORF1b,G662S,AY.41,6090,ORF1b:G662S
ORF1b,P1000L,AY.41,6090,ORF1b:P1000L
ORF1b,I1257V,AY.41,6090,ORF1b:I1257V
ORF1b,A1643V,AY.41,6090,ORF1b:A1643V
ORF1b,A1918V,AY.41,6090,ORF1b:A1918V
S,T19R,AY.41,6090,S:T19R
S,E156G,AY.41,6090,S:E156G
S,del157/158,AY.41,6090,S:del157/158
S,L452R,AY.41,6090,S:L452R
S,T478K,AY.41,6090,S:T478K
S,D614G,AY.41,6090,S:D614G
S,P681R,AY.41,6090,S:P681R
S,D950N,AY.41,6090,S:D950N
S,G1167V,AY.41,6090,S:G1167V
ORF3a,S26L,AY.41,6090,ORF3a:S26L
M,I82T,AY.41,6090,M:I82T
ORF7a,V82A,AY.41,6090,ORF7a:V82A
ORF7a,T120I,AY.41,6090,ORF7a:T120I
ORF7b,T40I,AY.41,6090,ORF7b:T40I
ORF8,S84L,AY.41,6090,ORF8:S84L
ORF8,del119/120,AY.41,6090,ORF8:del119/120
N,D63G,AY.41,6090,N:D63G
N,R203M,AY.41,6090,N:R203M
N,G215C,AY.41,6090,N:G215C
N,D377Y,AY.41,6090,N:D377Y
ORF1a,A1306S,AY.103,296481,ORF1a:A1306S
ORF1a,P2046L,AY.103,296481,ORF1a:P2046L
ORF1a,P2287S,AY.103,296481,ORF1a:P2287S
ORF1a,V2930L,AY.103,296481,ORF1a:V2930L
ORF1a,T3255I,AY.103,296481,ORF1a:T3255I
ORF1a,T3646A,AY.103,296481,ORF1a:T3646A
ORF1b,P314L,AY.103,296481,ORF1b:P314L
ORF1b,G662S,AY.103,296481,ORF1b:G662S
ORF1b,P1000L,AY.103,296481,ORF1b:P1000L
ORF1b,I1257V,AY.103,296481,ORF1b:I1257V
ORF1b,A1918V,AY.103,296481,ORF1b:A1918V
S,T19R,AY.103,296481,S:T19R
S,E156G,AY.103,296481,S:E156G
S,del157/158,AY.103,296481,S:del157/158
S,L452R,AY.103,296481,S:L452R
S,T478K,AY.103,296481,S:T478K
S,D614G,AY.103,296481,S:D614G
S,P681R,AY.103,296481,S:P681R
S,D950N,AY.103,296481,S:D950N
ORF3a,S26L,AY.103,296481,ORF3a:S26L
M,I82T,AY.103,296481,M:I82T
ORF7a,V82A,AY.103,296481,ORF7a:V82A
ORF7a,T120I,AY.103,296481,ORF7a:T120I
ORF7b,T40I,AY.103,296481,ORF7b:T40I
ORF8,S84L,AY.103,296481,ORF8:S84L
ORF8,del119/120,AY.103,296481,ORF8:del119/120
N,D63G,AY.103,296481,N:D63G
N,R203M,AY.103,296481,N:R203M
N,G215C,AY.103,296481,N:G215C
N,D377Y,AY.103,296481,N:D377Y
ORF1a,A1306S,AY.4.5,16813,ORF1a:A1306S
ORF1a,P2046L,AY.4.5,16813,ORF1a:P2046L
ORF1a,P2287S,AY.4.5,16813,ORF1a:P2287S
ORF1a,A2529V,AY.4.5,16813,ORF1a:A2529V
ORF1a,V2930L,AY.4.5,16813,ORF1a:V2930L
ORF1a,T3255I,AY.4.5,16813,ORF1a:T3255I
ORF1a,T3646A,AY.4.5,16813,ORF1a:T3646A
ORF1b,P314L,AY.4.5,16813,ORF1b:P314L
ORF1b,D472A,AY.4.5,16813,ORF1b:D472A
ORF1b,G662S,AY.4.5,16813,ORF1b:G662S
ORF1b,P1000L,AY.4.5,16813,ORF1b:P1000L
ORF1b,A1918V,AY.4.5,16813,ORF1b:A1918V
S,T19R,AY.4.5,16813,S:T19R
S,T95I,AY.4.5,16813,S:T95I
S,E156G,AY.4.5,16813,S:E156G
S,del157/158,AY.4.5,16813,S:del157/158
S,L452R,AY.4.5,16813,S:L452R
S,T478K,AY.4.5,16813,S:T478K
S,D614G,AY.4.5,16813,S:D614G
S,P681R,AY.4.5,16813,S:P681R
S,D950N,AY.4.5,16813,S:D950N
S,D1259Y,AY.4.5,16813,S:D1259Y
ORF3a,S26L,AY.4.5,16813,ORF3a:S26L
M,I82T,AY.4.5,16813,M:I82T
ORF7a,V82A,AY.4.5,16813,ORF7a:V82A
ORF7a,T120I,AY.4.5,16813,ORF7a:T120I
ORF7b,T40I,AY.4.5,16813,ORF7b:T40I
ORF8,S84L,AY.4.5,16813,ORF8:S84L
ORF8,del119/120,AY.4.5,16813,ORF8:del119/120
N,D63G,AY.4.5,16813,N:D63G
N,R203M,AY.4.5,16813,N:R203M
N,G215C,AY.4.5,16813,N:G215C
N,D377Y,AY.4.5,16813,N:D377Y
ORF1a,A3143V,B.1.177.46,1109,ORF1a:A3143V
ORF1b,P314L,B.1.177.46,1109,ORF1b:P314L
ORF1b,L1681F,B.1.177.46,1109,ORF1b:L1681F
S,A222V,B.1.177.46,1109,S:A222V
S,A262S,B.1.177.46,1109,S:A262S
S,D614G,B.1.177.46,1109,S:D614G
ORF8,S84L,B.1.177.46,1109,ORF8:S84L
N,A220V,B.1.177.46,1109,N:A220V
ORF10,V30L,B.1.177.46,1109,ORF10:V30L
ORF1a,A1306S,AY.46.6,27374,ORF1a:A1306S
ORF1a,P2046L,AY.46.6,27374,ORF1a:P2046L
ORF1a,P2287S,AY.46.6,27374,ORF1a:P2287S
ORF1a,V2930L,AY.46.6,27374,ORF1a:V2930L
ORF1a,T3255I,AY.46.6,27374,ORF1a:T3255I
ORF1a,A3571V,AY.46.6,27374,ORF1a:A3571V
ORF1a,T3646A,AY.46.6,27374,ORF1a:T3646A
ORF1b,P314L,AY.46.6,27374,ORF1b:P314L
ORF1b,G662S,AY.46.6,27374,ORF1b:G662S
ORF1b,P1000L,AY.46.6,27374,ORF1b:P1000L
ORF1b,A1918V,AY.46.6,27374,ORF1b:A1918V
S,T19R,AY.46.6,27374,S:T19R
S,E156G,AY.46.6,27374,S:E156G
S,del157/158,AY.46.6,27374,S:del157/158
S,L452R,AY.46.6,27374,S:L452R
S,T478K,AY.46.6,27374,S:T478K
S,D614G,AY.46.6,27374,S:D614G
S,P681R,AY.46.6,27374,S:P681R
S,D950N,AY.46.6,27374,S:D950N
ORF3a,S26L,AY.46.6,27374,ORF3a:S26L
M,I82T,AY.46.6,27374,M:I82T
ORF7a,V82A,AY.46.6,27374,ORF7a:V82A
ORF7a,T120I,AY.46.6,27374,ORF7a:T120I
ORF7b,T40I,AY.46.6,27374,ORF7b:T40I
ORF8,S84L,AY.46.6,27374,ORF8:S84L
ORF8,del119/120,AY.46.6,27374,ORF8:del119/120
N,D63G,AY.46.6,27374,N:D63G
N,R203M,AY.46.6,27374,N:R203M
N,G215C,AY.46.6,27374,N:G215C
N,D377Y,AY.46.6,27374,N:D377Y
ORF1a,A1306S,AY.45,9293,ORF1a:A1306S
ORF1a,P2046L,AY.45,9293,ORF1a:P2046L
ORF1a,P2287S,AY.45,9293,ORF1a:P2287S
ORF1a,V2930L,AY.45,9293,ORF1a:V2930L
ORF1a,T3255I,AY.45,9293,ORF1a:T3255I
ORF1a,T3646A,AY.45,9293,ORF1a:T3646A
ORF1b,M115I,AY.45,9293,ORF1b:M115I
ORF1b,P314L,AY.45,9293,ORF1b:P314L
ORF1b,G662S,AY.45,9293,ORF1b:G662S
ORF1b,P1000L,AY.45,9293,ORF1b:P1000L
ORF1b,A1918V,AY.45,9293,ORF1b:A1918V
S,T19R,AY.45,9293,S:T19R
S,E156G,AY.45,9293,S:E156G
S,del157/158,AY.45,9293,S:del157/158
S,L452R,AY.45,9293,S:L452R
S,T478K,AY.45,9293,S:T478K
S,D614G,AY.45,9293,S:D614G
S,P681R,AY.45,9293,S:P681R
S,D950N,AY.45,9293,S:D950N
ORF3a,S26L,AY.45,9293,ORF3a:S26L
M,I82T,AY.45,9293,M:I82T
ORF7a,V82A,AY.45,9293,ORF7a:V82A
ORF7a,T120I,AY.45,9293,ORF7a:T120I
ORF7b,T40I,AY.45,9293,ORF7b:T40I
ORF8,S84L,AY.45,9293,ORF8:S84L
ORF8,del119/120,AY.45,9293,ORF8:del119/120
N,D63G,AY.45,9293,N:D63G
N,R203M,AY.45,9293,N:R203M
N,G215C,AY.45,9293,N:G215C
N,D377Y,AY.45,9293,N:D377Y
ORF1a,S135R,BA.2,528076,ORF1a:S135R
ORF1a,T842I,BA.2,528076,ORF1a:T842I
ORF1a,G1307S,BA.2,528076,ORF1a:G1307S
ORF1a,L3027F,BA.2,528076,ORF1a:L3027F
ORF1a,T3090I,BA.2,528076,ORF1a:T3090I
ORF1a,L3201F,BA.2,528076,ORF1a:L3201F
ORF1a,T3255I,BA.2,528076,ORF1a:T3255I
ORF1a,P3395H,BA.2,528076,ORF1a:P3395H
ORF1a,del3675/3677,BA.2,528076,ORF1a:del3675/3677
ORF1b,P314L,BA.2,528076,ORF1b:P314L
ORF1b,R1315C,BA.2,528076,ORF1b:R1315C
ORF1b,I1566V,BA.2,528076,ORF1b:I1566V
ORF1b,T2163I,BA.2,528076,ORF1b:T2163I
S,T19I,BA.2,528076,S:T19I
S,L24S,BA.2,528076,S:L24S
S,del25/27,BA.2,528076,S:del25/27
S,G142D,BA.2,528076,S:G142D
S,V213G,BA.2,528076,S:V213G
S,G339D,BA.2,528076,S:G339D
S,S371F,BA.2,528076,S:S371F
S,S373P,BA.2,528076,S:S373P
S,S375F,BA.2,528076,S:S375F
S,T376A,BA.2,528076,S:T376A
S,D405N,BA.2,528076,S:D405N
S,R408S,BA.2,528076,S:R408S
S,K417N,BA.2,528076,S:K417N
S,N440K,BA.2,528076,S:N440K
S,S477N,BA.2,528076,S:S477N
S,T478K,BA.2,528076,S:T478K
S,E484A,BA.2,528076,S:E484A
S,Q493R,BA.2,528076,S:Q493R
S,Q498R,BA.2,528076,S:Q498R
S,N501Y,BA.2,528076,S:N501Y
S,Y505H,BA.2,528076,S:Y505H
S,D614G,BA.2,528076,S:D614G
S,H655Y,BA.2,528076,S:H655Y
S,N679K,BA.2,528076,S:N679K
S,P681H,BA.2,528076,S:P681H
S,N764K,BA.2,528076,S:N764K
S,D796Y,BA.2,528076,S:D796Y
S,Q954H,BA.2,528076,S:Q954H
S,N969K,BA.2,528076,S:N969K
ORF3a,T223I,BA.2,528076,ORF3a:T223I
E,T9I,BA.2,528076,E:T9I
M,Q19E,BA.2,528076,M:Q19E
M,A63T,BA.2,528076,M:A63T
ORF6,D61L,BA.2,528076,ORF6:D61L
ORF8,S84L,BA.2,528076,ORF8:S84L
N,P13L,BA.2,528076,N:P13L
N,del31/33,BA.2,528076,N:del31/33
N,R203K,BA.2,528076,N:R203K
N,G204R,BA.2,528076,N:G204R
N,S413R,BA.2,528076,N:S413R
ORF1a,I2501T,B.1.258,15777,ORF1a:I2501T
ORF1b,P314L,B.1.258,15777,ORF1b:P314L
ORF1b,H1213Y,B.1.258,15777,ORF1b:H1213Y
S,N439K,B.1.258,15777,S:N439K
S,D614G,B.1.258,15777,S:D614G
ORF8,S84L,B.1.258,15777,ORF8:S84L
ORF1a,P380L,AY.23.2,359,ORF1a:P380L
ORF1a,A1306S,AY.23.2,359,ORF1a:A1306S
ORF1a,T1496I,AY.23.2,359,ORF1a:T1496I
ORF1a,P2046L,AY.23.2,359,ORF1a:P2046L
ORF1a,P2287S,AY.23.2,359,ORF1a:P2287S
ORF1a,V2930L,AY.23.2,359,ORF1a:V2930L
ORF1a,T3255I,AY.23.2,359,ORF1a:T3255I
ORF1a,T3646A,AY.23.2,359,ORF1a:T3646A
ORF1a,R3880G,AY.23.2,359,ORF1a:R3880G
ORF1b,P314L,AY.23.2,359,ORF1b:P314L
ORF1b,G662S,AY.23.2,359,ORF1b:G662S
ORF1b,P1000L,AY.23.2,359,ORF1b:P1000L
ORF1b,A1918V,AY.23.2,359,ORF1b:A1918V
S,T19R,AY.23.2,359,S:T19R
S,E156G,AY.23.2,359,S:E156G
S,del157/158,AY.23.2,359,S:del157/158
S,L452R,AY.23.2,359,S:L452R
S,T478K,AY.23.2,359,S:T478K
S,D614G,AY.23.2,359,S:D614G
S,P681R,AY.23.2,359,S:P681R
S,E702V,AY.23.2,359,S:E702V
S,D950N,AY.23.2,359,S:D950N
S,V1264L,AY.23.2,359,S:V1264L
ORF3a,S26L,AY.23.2,359,ORF3a:S26L
M,I82T,AY.23.2,359,M:I82T
ORF7a,V82A,AY.23.2,359,ORF7a:V82A
ORF7a,T120I,AY.23.2,359,ORF7a:T120I
ORF7b,T40I,AY.23.2,359,ORF7b:T40I
ORF8,S84L,AY.23.2,359,ORF8:S84L
ORF8,del119/120,AY.23.2,359,ORF8:del119/120
N,D63G,AY.23.2,359,N:D63G
N,R203M,AY.23.2,359,N:R203M
N,G215C,AY.23.2,359,N:G215C
N,D377Y,AY.23.2,359,N:D377Y
ORF1a,A1306S,AY.112,19500,ORF1a:A1306S
ORF1a,P2046L,AY.112,19500,ORF1a:P2046L
ORF1a,P2287S,AY.112,19500,ORF1a:P2287S
ORF1a,V2930L,AY.112,19500,ORF1a:V2930L
ORF1a,T3255I,AY.112,19500,ORF1a:T3255I
ORF1a,T3646A,AY.112,19500,ORF1a:T3646A
ORF1b,P314L,AY.112,19500,ORF1b:P314L
ORF1b,G662S,AY.112,19500,ORF1b:G662S
ORF1b,P1000L,AY.112,19500,ORF1b:P1000L
ORF1b,A1918V,AY.112,19500,ORF1b:A1918V
S,T19R,AY.112,19500,S:T19R
S,T95I,AY.112,19500,S:T95I
S,L452R,AY.112,19500,S:L452R
S,T478K,AY.112,19500,S:T478K
S,D614G,AY.112,19500,S:D614G
S,P681R,AY.112,19500,S:P681R
S,D950N,AY.112,19500,S:D950N
ORF3a,S26L,AY.112,19500,ORF3a:S26L
M,I82T,AY.112,19500,M:I82T
ORF7a,T120I,AY.112,19500,ORF7a:T120I
ORF7b,T40I,AY.112,19500,ORF7b:T40I
ORF8,S84L,AY.112,19500,ORF8:S84L
N,D63G,AY.112,19500,N:D63G
N,R203M,AY.112,19500,N:R203M
N,G215C,AY.112,19500,N:G215C
N,D377Y,AY.112,19500,N:D377Y
ORF1b,P314L,B.1.177.86,5419,ORF1b:P314L
S,L18F,B.1.177.86,5419,S:L18F
S,A222V,B.1.177.86,5419,S:A222V
S,D614G,B.1.177.86,5419,S:D614G
ORF7b,E39*,B.1.177.86,5419,ORF7b:E39*
ORF8,S84L,B.1.177.86,5419,ORF8:S84L
N,A220V,B.1.177.86,5419,N:A220V
ORF10,V30L,B.1.177.86,5419,ORF10:V30L
ORF1a,L320F,B.1.258.22,374,ORF1a:L320F
ORF1a,V365F,B.1.258.22,374,ORF1a:V365F
ORF1a,I2501T,B.1.258.22,374,ORF1a:I2501T
ORF1a,M4241I,B.1.258.22,374,ORF1a:M4241I
ORF1b,P314L,B.1.258.22,374,ORF1b:P314L
ORF1b,V711I,B.1.258.22,374,ORF1b:V711I
ORF1b,H1213Y,B.1.258.22,374,ORF1b:H1213Y
ORF1b,A1521S,B.1.258.22,374,ORF1b:A1521S
ORF1b,V2172I,B.1.258.22,374,ORF1b:V2172I
S,A67V,B.1.258.22,374,S:A67V
S,del69/70,B.1.258.22,374,S:del69/70
S,N439K,B.1.258.22,374,S:N439K
S,D614G,B.1.258.22,374,S:D614G
ORF8,S84L,B.1.258.22,374,ORF8:S84L
N,G34W,B.1.258.22,374,N:G34W
ORF1a,A1306S,AY.4.15,2491,ORF1a:A1306S
ORF1a,P2046L,AY.4.15,2491,ORF1a:P2046L
ORF1a,S2103F,AY.4.15,2491,ORF1a:S2103F
ORF1a,P2287S,AY.4.15,2491,ORF1a:P2287S
ORF1a,A2529V,AY.4.15,2491,ORF1a:A2529V
ORF1a,V2930L,AY.4.15,2491,ORF1a:V2930L
ORF1a,T3255I,AY.4.15,2491,ORF1a:T3255I
ORF1a,T3646A,AY.4.15,2491,ORF1a:T3646A
ORF1b,P314L,AY.4.15,2491,ORF1b:P314L
ORF1b,G662S,AY.4.15,2491,ORF1b:G662S
ORF1b,P1000L,AY.4.15,2491,ORF1b:P1000L
ORF1b,V1271L,AY.4.15,2491,ORF1b:V1271L
ORF1b,A1369V,AY.4.15,2491,ORF1b:A1369V
ORF1b,A1918V,AY.4.15,2491,ORF1b:A1918V
S,T19R,AY.4.15,2491,S:T19R
S,T95I,AY.4.15,2491,S:T95I
S,G142D,AY.4.15,2491,S:G142D
S,E156G,AY.4.15,2491,S:E156G
S,del157/158,AY.4.15,2491,S:del157/158
S,L452R,AY.4.15,2491,S:L452R
S,T478K,AY.4.15,2491,S:T478K
S,D614G,AY.4.15,2491,S:D614G
S,P681R,AY.4.15,2491,S:P681R
S,D950N,AY.4.15,2491,S:D950N
S,A1078S,AY.4.15,2491,S:A1078S
ORF3a,S26L,AY.4.15,2491,ORF3a:S26L
ORF3a,T269S,AY.4.15,2491,ORF3a:T269S
M,I82T,AY.4.15,2491,M:I82T
ORF7a,V82A,AY.4.15,2491,ORF7a:V82A
ORF7a,T120I,AY.4.15,2491,ORF7a:T120I
ORF7b,T40I,AY.4.15,2491,ORF7b:T40I
ORF8,S84L,AY.4.15,2491,ORF8:S84L
ORF8,del119/120,AY.4.15,2491,ORF8:del119/120
N,D63G,AY.4.15,2491,N:D63G
N,R203M,AY.4.15,2491,N:R203M
N,G215C,AY.4.15,2491,N:G215C
N,D377Y,AY.4.15,2491,N:D377Y
ORF1a,A1306S,AY.4.6,16655,ORF1a:A1306S
ORF1a,P2046L,AY.4.6,16655,ORF1a:P2046L
ORF1a,P2287S,AY.4.6,16655,ORF1a:P2287S
ORF1a,A2529V,AY.4.6,16655,ORF1a:A2529V
ORF1a,V2930L,AY.4.6,16655,ORF1a:V2930L
ORF1a,T3255I,AY.4.6,16655,ORF1a:T3255I
ORF1a,T3646A,AY.4.6,16655,ORF1a:T3646A
ORF1b,P314L,AY.4.6,16655,ORF1b:P314L
ORF1b,G662S,AY.4.6,16655,ORF1b:G662S
ORF1b,P1000L,AY.4.6,16655,ORF1b:P1000L
ORF1b,A1918V,AY.4.6,16655,ORF1b:A1918V
ORF1b,P2313S,AY.4.6,16655,ORF1b:P2313S
S,T19R,AY.4.6,16655,S:T19R
S,T95I,AY.4.6,16655,S:T95I
S,G142D,AY.4.6,16655,S:G142D
S,E156G,AY.4.6,16655,S:E156G
S,del157/158,AY.4.6,16655,S:del157/158
S,L452R,AY.4.6,16655,S:L452R
S,T478K,AY.4.6,16655,S:T478K
S,D614G,AY.4.6,16655,S:D614G
S,P681R,AY.4.6,16655,S:P681R
S,D950N,AY.4.6,16655,S:D950N
ORF3a,S26L,AY.4.6,16655,ORF3a:S26L
M,I82T,AY.4.6,16655,M:I82T
ORF7a,V82A,AY.4.6,16655,ORF7a:V82A
ORF7a,T120I,AY.4.6,16655,ORF7a:T120I
ORF7b,T40I,AY.4.6,16655,ORF7b:T40I
ORF8,S84L,AY.4.6,16655,ORF8:S84L
ORF8,del119/120,AY.4.6,16655,ORF8:del119/120
N,D63G,AY.4.6,16655,N:D63G
N,R203M,AY.4.6,16655,N:R203M
N,G215C,AY.4.6,16655,N:G215C
N,S232G,AY.4.6,16655,N:S232G
N,D377Y,AY.4.6,16655,N:D377Y
ORF1a,L92F,B.1.474,538,ORF1a:L92F
ORF1a,A2785T,B.1.474,538,ORF1a:A2785T
ORF1a,L3606F,B.1.474,538,ORF1a:L3606F
ORF1b,P314L,B.1.474,538,ORF1b:P314L
ORF1b,V1149L,B.1.474,538,ORF1b:V1149L
S,D614G,B.1.474,538,S:D614G
S,P681H,B.1.474,538,S:P681H
S,D796Y,B.1.474,538,S:D796Y
ORF3a,Q57H,B.1.474,538,ORF3a:Q57H
ORF3a,S216P,B.1.474,538,ORF3a:S216P
ORF8,T26N,B.1.474,538,ORF8:T26N
ORF8,S84L,B.1.474,538,ORF8:S84L
N,T205I,B.1.474,538,N:T205I
ORF1a,E148G,AY.85,6449,ORF1a:E148G
ORF1a,A1306S,AY.85,6449,ORF1a:A1306S
ORF1a,P2046L,AY.85,6449,ORF1a:P2046L
ORF1a,P2287S,AY.85,6449,ORF1a:P2287S
ORF1a,V2930L,AY.85,6449,ORF1a:V2930L
ORF1a,T3255I,AY.85,6449,ORF1a:T3255I
ORF1a,T3646A,AY.85,6449,ORF1a:T3646A
ORF1b,P314L,AY.85,6449,ORF1b:P314L
ORF1b,G662S,AY.85,6449,ORF1b:G662S
ORF1b,P1000L,AY.85,6449,ORF1b:P1000L
ORF1b,A1918V,AY.85,6449,ORF1b:A1918V
S,T19R,AY.85,6449,S:T19R
S,T95I,AY.85,6449,S:T95I
S,E156G,AY.85,6449,S:E156G
S,del157/158,AY.85,6449,S:del157/158
S,L452R,AY.85,6449,S:L452R
S,T478K,AY.85,6449,S:T478K
S,D614G,AY.85,6449,S:D614G
S,P681R,AY.85,6449,S:P681R
S,D950N,AY.85,6449,S:D950N
ORF3a,S26L,AY.85,6449,ORF3a:S26L
ORF3a,L140F,AY.85,6449,ORF3a:L140F
E,V62F,AY.85,6449,E:V62F
M,I82T,AY.85,6449,M:I82T
ORF7a,V82A,AY.85,6449,ORF7a:V82A
ORF7a,T120I,AY.85,6449,ORF7a:T120I
ORF7b,T40I,AY.85,6449,ORF7b:T40I
ORF8,S84L,AY.85,6449,ORF8:S84L
ORF8,del119/120,AY.85,6449,ORF8:del119/120
N,D63G,AY.85,6449,N:D63G
N,R203M,AY.85,6449,N:R203M
N,G215C,AY.85,6449,N:G215C
N,D377Y,AY.85,6449,N:D377Y
ORF1a,A1306S,AY.46,21830,ORF1a:A1306S
ORF1a,P2046L,AY.46,21830,ORF1a:P2046L
ORF1a,P2287S,AY.46,21830,ORF1a:P2287S
ORF1a,V2930L,AY.46,21830,ORF1a:V2930L
ORF1a,T3255I,AY.46,21830,ORF1a:T3255I
ORF1a,A3571V,AY.46,21830,ORF1a:A3571V
ORF1a,T3646A,AY.46,21830,ORF1a:T3646A
ORF1b,P314L,AY.46,21830,ORF1b:P314L
ORF1b,G662S,AY.46,21830,ORF1b:G662S
ORF1b,P1000L,AY.46,21830,ORF1b:P1000L
ORF1b,A1918V,AY.46,21830,ORF1b:A1918V
S,T19R,AY.46,21830,S:T19R
S,G142D,AY.46,21830,S:G142D
S,E156G,AY.46,21830,S:E156G
S,del157/158,AY.46,21830,S:del157/158
S,L452R,AY.46,21830,S:L452R
S,T478K,AY.46,21830,S:T478K
S,D614G,AY.46,21830,S:D614G
S,P681R,AY.46,21830,S:P681R
S,D950N,AY.46,21830,S:D950N
ORF3a,S26L,AY.46,21830,ORF3a:S26L
M,I82T,AY.46,21830,M:I82T
ORF7a,V82A,AY.46,21830,ORF7a:V82A
ORF7a,T120I,AY.46,21830,ORF7a:T120I
ORF7b,T40I,AY.46,21830,ORF7b:T40I
ORF8,S84L,AY.46,21830,ORF8:S84L
ORF8,del119/120,AY.46,21830,ORF8:del119/120
N,D63G,AY.46,21830,N:D63G
N,R203M,AY.46,21830,N:R203M
N,G215C,AY.46,21830,N:G215C
N,D377Y,AY.46,21830,N:D377Y
ORF1a,A1306S,AY.4.7,6517,ORF1a:A1306S
ORF1a,P2046L,AY.4.7,6517,ORF1a:P2046L
ORF1a,P2287S,AY.4.7,6517,ORF1a:P2287S
ORF1a,A2529V,AY.4.7,6517,ORF1a:A2529V
ORF1a,V2930L,AY.4.7,6517,ORF1a:V2930L
ORF1a,T3255I,AY.4.7,6517,ORF1a:T3255I
ORF1a,T3646A,AY.4.7,6517,ORF1a:T3646A
ORF1b,P314L,AY.4.7,6517,ORF1b:P314L
ORF1b,G662S,AY.4.7,6517,ORF1b:G662S
ORF1b,P1000L,AY.4.7,6517,ORF1b:P1000L
ORF1b,A1918V,AY.4.7,6517,ORF1b:A1918V
S,T19R,AY.4.7,6517,S:T19R
S,E156G,AY.4.7,6517,S:E156G
S,del157/158,AY.4.7,6517,S:del157/158
S,L452R,AY.4.7,6517,S:L452R
S,T478K,AY.4.7,6517,S:T478K
S,D614G,AY.4.7,6517,S:D614G
S,P681R,AY.4.7,6517,S:P681R
S,D950N,AY.4.7,6517,S:D950N
ORF3a,S26L,AY.4.7,6517,ORF3a:S26L
M,I82T,AY.4.7,6517,M:I82T
ORF7a,V82A,AY.4.7,6517,ORF7a:V82A
ORF7a,T120I,AY.4.7,6517,ORF7a:T120I
ORF7b,T40I,AY.4.7,6517,ORF7b:T40I
ORF8,S84L,AY.4.7,6517,ORF8:S84L
ORF8,del119/120,AY.4.7,6517,ORF8:del119/120
N,D63G,AY.4.7,6517,N:D63G
N,R203M,AY.4.7,6517,N:R203M
N,G215C,AY.4.7,6517,N:G215C
N,D377Y,AY.4.7,6517,N:D377Y
ORF1a,A1306S,AY.111,8381,ORF1a:A1306S
ORF1a,P2046L,AY.111,8381,ORF1a:P2046L
ORF1a,P2287S,AY.111,8381,ORF1a:P2287S
ORF1a,V2930L,AY.111,8381,ORF1a:V2930L
ORF1a,T3255I,AY.111,8381,ORF1a:T3255I
ORF1a,T3646A,AY.111,8381,ORF1a:T3646A
ORF1b,P314L,AY.111,8381,ORF1b:P314L
ORF1b,G662S,AY.111,8381,ORF1b:G662S
ORF1b,P1000L,AY.111,8381,ORF1b:P1000L
ORF1b,A1918V,AY.111,8381,ORF1b:A1918V
S,T19R,AY.111,8381,S:T19R
S,T95I,AY.111,8381,S:T95I
S,G142D,AY.111,8381,S:G142D
S,E156G,AY.111,8381,S:E156G
S,del157/158,AY.111,8381,S:del157/158
S,L452R,AY.111,8381,S:L452R
S,T478K,AY.111,8381,S:T478K
S,D614G,AY.111,8381,S:D614G
S,P681R,AY.111,8381,S:P681R
S,D950N,AY.111,8381,S:D950N
ORF3a,S26L,AY.111,8381,ORF3a:S26L
M,I82T,AY.111,8381,M:I82T
ORF7a,V82A,AY.111,8381,ORF7a:V82A
ORF7a,T120I,AY.111,8381,ORF7a:T120I
ORF7b,T40I,AY.111,8381,ORF7b:T40I
ORF8,S84L,AY.111,8381,ORF8:S84L
ORF8,del119/120,AY.111,8381,ORF8:del119/120
N,D63G,AY.111,8381,N:D63G
N,R203M,AY.111,8381,N:R203M
N,P207S,AY.111,8381,N:P207S
N,G215C,AY.111,8381,N:G215C
N,D377Y,AY.111,8381,N:D377Y
ORF1a,Q563K,AY.43.6,6381,ORF1a:Q563K
ORF1a,A1306S,AY.43.6,6381,ORF1a:A1306S
ORF1a,P2046L,AY.43.6,6381,ORF1a:P2046L
ORF1a,P2287S,AY.43.6,6381,ORF1a:P2287S
ORF1a,V2930L,AY.43.6,6381,ORF1a:V2930L
ORF1a,T3255I,AY.43.6,6381,ORF1a:T3255I
ORF1a,T3646A,AY.43.6,6381,ORF1a:T3646A
ORF1b,P314L,AY.43.6,6381,ORF1b:P314L
ORF1b,G662S,AY.43.6,6381,ORF1b:G662S
ORF1b,L829I,AY.43.6,6381,ORF1b:L829I
ORF1b,P1000L,AY.43.6,6381,ORF1b:P1000L
ORF1b,A1918V,AY.43.6,6381,ORF1b:A1918V
S,T19R,AY.43.6,6381,S:T19R
S,G142D,AY.43.6,6381,S:G142D
S,E156G,AY.43.6,6381,S:E156G
S,del157/158,AY.43.6,6381,S:del157/158
S,L452R,AY.43.6,6381,S:L452R
S,T478K,AY.43.6,6381,S:T478K
S,D614G,AY.43.6,6381,S:D614G
S,P681R,AY.43.6,6381,S:P681R
S,D950N,AY.43.6,6381,S:D950N
ORF3a,S26L,AY.43.6,6381,ORF3a:S26L
M,I82T,AY.43.6,6381,M:I82T
ORF7a,F6L,AY.43.6,6381,ORF7a:F6L
ORF7a,V82A,AY.43.6,6381,ORF7a:V82A
ORF7a,T120I,AY.43.6,6381,ORF7a:T120I
ORF7b,T40I,AY.43.6,6381,ORF7b:T40I
ORF8,S84L,AY.43.6,6381,ORF8:S84L
ORF8,del119/120,AY.43.6,6381,ORF8:del119/120
N,Q9L,AY.43.6,6381,N:Q9L
N,D63G,AY.43.6,6381,N:D63G
N,R203M,AY.43.6,6381,N:R203M
N,G215C,AY.43.6,6381,N:G215C
N,V270L,AY.43.6,6381,N:V270L
N,D377Y,AY.43.6,6381,N:D377Y
ORF1b,P314L,B.1.177,74573,ORF1b:P314L
S,A222V,B.1.177,74573,S:A222V
S,D614G,B.1.177,74573,S:D614G
ORF8,S84L,B.1.177,74573,ORF8:S84L
N,A220V,B.1.177,74573,N:A220V
ORF10,V30L,B.1.177,74573,ORF10:V30L
ORF1a,T1001I,B.1.1.7,1132,ORF1a:T1001I
ORF1a,A1708D,B.1.1.7,1132,ORF1a:A1708D
ORF1a,I2230T,B.1.1.7,1132,ORF1a:I2230T
ORF1a,del3675/3677,B.1.1.7,1132,ORF1a:del3675/3677
ORF1b,P314L,B.1.1.7,1132,ORF1b:P314L
S,del69/70,B.1.1.7,1132,S:del69/70
S,del144/144,B.1.1.7,1132,S:del144/144
S,N501Y,B.1.1.7,1132,S:N501Y
S,A570D,B.1.1.7,1132,S:A570D
S,D614G,B.1.1.7,1132,S:D614G
S,P681H,B.1.1.7,1132,S:P681H
S,T716I,B.1.1.7,1132,S:T716I
S,S982A,B.1.1.7,1132,S:S982A
S,D1118H,B.1.1.7,1132,S:D1118H
ORF8,Q27*,B.1.1.7,1132,ORF8:Q27*
ORF8,R52I,B.1.1.7,1132,ORF8:R52I
ORF8,Y73C,B.1.1.7,1132,ORF8:Y73C
ORF8,S84L,B.1.1.7,1132,ORF8:S84L
N,D3L,B.1.1.7,1132,N:D3L
N,R203K,B.1.1.7,1132,N:R203K
N,G204R,B.1.1.7,1132,N:G204R
N,S235F,B.1.1.7,1132,N:S235F
ORF1a,P380L,AY.23,18601,ORF1a:P380L
ORF1a,A1306S,AY.23,18601,ORF1a:A1306S
ORF1a,T1496I,AY.23,18601,ORF1a:T1496I
ORF1a,P2046L,AY.23,18601,ORF1a:P2046L
ORF1a,P2287S,AY.23,18601,ORF1a:P2287S
ORF1a,V2930L,AY.23,18601,ORF1a:V2930L
ORF1a,T3255I,AY.23,18601,ORF1a:T3255I
ORF1a,T3646A,AY.23,18601,ORF1a:T3646A
ORF1b,P314L,AY.23,18601,ORF1b:P314L
ORF1b,G662S,AY.23,18601,ORF1b:G662S
ORF1b,P1000L,AY.23,18601,ORF1b:P1000L
ORF1b,A1918V,AY.23,18601,ORF1b:A1918V
S,T19R,AY.23,18601,S:T19R
S,E156G,AY.23,18601,S:E156G
S,del157/158,AY.23,18601,S:del157/158
S,L452R,AY.23,18601,S:L452R
S,T478K,AY.23,18601,S:T478K
S,D614G,AY.23,18601,S:D614G
S,P681R,AY.23,18601,S:P681R
S,D950N,AY.23,18601,S:D950N
S,V1264L,AY.23,18601,S:V1264L
ORF3a,S26L,AY.23,18601,ORF3a:S26L
M,I82T,AY.23,18601,M:I82T
ORF7a,V82A,AY.23,18601,ORF7a:V82A
ORF7a,T120I,AY.23,18601,ORF7a:T120I
ORF7b,T40I,AY.23,18601,ORF7b:T40I
ORF8,S84L,AY.23,18601,ORF8:S84L
ORF8,del119/120,AY.23,18601,ORF8:del119/120
N,D63G,AY.23,18601,N:D63G
N,R203M,AY.23,18601,N:R203M
N,G215C,AY.23,18601,N:G215C
N,D377Y,AY.23,18601,N:D377Y
ORF1a,A1306S,AY.7.1,10694,ORF1a:A1306S
ORF1a,P2046L,AY.7.1,10694,ORF1a:P2046L
ORF1a,P2287S,AY.7.1,10694,ORF1a:P2287S
ORF1a,V2930L,AY.7.1,10694,ORF1a:V2930L
ORF1a,T3255I,AY.7.1,10694,ORF1a:T3255I
ORF1a,T3646A,AY.7.1,10694,ORF1a:T3646A
ORF1a,Q4151H,AY.7.1,10694,ORF1a:Q4151H
ORF1b,P314L,AY.7.1,10694,ORF1b:P314L
ORF1b,G662S,AY.7.1,10694,ORF1b:G662S
ORF1b,P1000L,AY.7.1,10694,ORF1b:P1000L
ORF1b,A1918V,AY.7.1,10694,ORF1b:A1918V
S,T19R,AY.7.1,10694,S:T19R
S,E156G,AY.7.1,10694,S:E156G
S,del157/158,AY.7.1,10694,S:del157/158
S,L452R,AY.7.1,10694,S:L452R
S,T478K,AY.7.1,10694,S:T478K
S,D614G,AY.7.1,10694,S:D614G
S,P681R,AY.7.1,10694,S:P681R
S,D950N,AY.7.1,10694,S:D950N
ORF3a,S26L,AY.7.1,10694,ORF3a:S26L
M,I82T,AY.7.1,10694,M:I82T
ORF7a,C58F,AY.7.1,10694,ORF7a:C58F
ORF7a,A79D,AY.7.1,10694,ORF7a:A79D
ORF7a,V82A,AY.7.1,10694,ORF7a:V82A
ORF7a,T120I,AY.7.1,10694,ORF7a:T120I
ORF7b,T40I,AY.7.1,10694,ORF7b:T40I
ORF8,S84L,AY.7.1,10694,ORF8:S84L
ORF8,del119/120,AY.7.1,10694,ORF8:del119/120
N,D63G,AY.7.1,10694,N:D63G
N,R203M,AY.7.1,10694,N:R203M
N,G215C,AY.7.1,10694,N:G215C
N,D377Y,AY.7.1,10694,N:D377Y
ORF1a,A1306S,AY.36,15155,ORF1a:A1306S
ORF1a,P2046L,AY.36,15155,ORF1a:P2046L
ORF1a,P2287S,AY.36,15155,ORF1a:P2287S
ORF1a,V2930L,AY.36,15155,ORF1a:V2930L
ORF1a,T3255I,AY.36,15155,ORF1a:T3255I
ORF1a,T3646A,AY.36,15155,ORF1a:T3646A
ORF1b,P314L,AY.36,15155,ORF1b:P314L
ORF1b,G662S,AY.36,15155,ORF1b:G662S
ORF1b,C721R,AY.36,15155,ORF1b:C721R
ORF1b,P1000L,AY.36,15155,ORF1b:P1000L
ORF1b,V1538L,AY.36,15155,ORF1b:V1538L
ORF1b,A1918V,AY.36,15155,ORF1b:A1918V
S,T19R,AY.36,15155,S:T19R
S,T95I,AY.36,15155,S:T95I
S,E156G,AY.36,15155,S:E156G
S,del157/158,AY.36,15155,S:del157/158
S,L452R,AY.36,15155,S:L452R
S,T478K,AY.36,15155,S:T478K
S,D614G,AY.36,15155,S:D614G
S,P681R,AY.36,15155,S:P681R
S,D950N,AY.36,15155,S:D950N
S,V1104L,AY.36,15155,S:V1104L
ORF3a,S26L,AY.36,15155,ORF3a:S26L
M,I82T,AY.36,15155,M:I82T
ORF7a,V82A,AY.36,15155,ORF7a:V82A
ORF7a,T120I,AY.36,15155,ORF7a:T120I
ORF7b,T40I,AY.36,15155,ORF7b:T40I
ORF8,S84L,AY.36,15155,ORF8:S84L
ORF8,del119/120,AY.36,15155,ORF8:del119/120
N,D63G,AY.36,15155,N:D63G
N,R203M,AY.36,15155,N:R203M
N,G215C,AY.36,15155,N:G215C
N,D377Y,AY.36,15155,N:D377Y
ORF1b,P314L,B.1.177.21,13064,ORF1b:P314L
S,A222V,B.1.177.21,13064,S:A222V
S,D614G,B.1.177.21,13064,S:D614G
ORF8,S84L,B.1.177.21,13064,ORF8:S84L
N,A220V,B.1.177.21,13064,N:A220V
ORF10,V30L,B.1.177.21,13064,ORF10:V30L
ORF1b,P314L,B.1.177.35,1674,ORF1b:P314L
S,A222V,B.1.177.35,1674,S:A222V
S,D614G,B.1.177.35,1674,S:D614G
ORF8,S84L,B.1.177.35,1674,ORF8:S84L
N,A220V,B.1.177.35,1674,N:A220V
N,P365S,B.1.177.35,1674,N:P365S
ORF10,V30L,B.1.177.35,1674,ORF10:V30L
ORF1a,M3087I,B.1.160,36050,ORF1a:M3087I
ORF1b,A176S,B.1.160,36050,ORF1b:A176S
ORF1b,P314L,B.1.160,36050,ORF1b:P314L
ORF1b,V767L,B.1.160,36050,ORF1b:V767L
ORF1b,K1141R,B.1.160,36050,ORF1b:K1141R
ORF1b,E1184D,B.1.160,36050,ORF1b:E1184D
S,S477N,B.1.160,36050,S:S477N
S,D614G,B.1.160,36050,S:D614G
ORF3a,Q57H,B.1.160,36050,ORF3a:Q57H
ORF8,S84L,B.1.160,36050,ORF8:S84L
N,M234I,B.1.160,36050,N:M234I
N,A376T,B.1.160,36050,N:A376T
ORF1a,A1306S,AY.4.2.3,7561,ORF1a:A1306S
ORF1a,P2046L,AY.4.2.3,7561,ORF1a:P2046L
ORF1a,P2287S,AY.4.2.3,7561,ORF1a:P2287S
ORF1a,A2529V,AY.4.2.3,7561,ORF1a:A2529V
ORF1a,V2930L,AY.4.2.3,7561,ORF1a:V2930L
ORF1a,T3255I,AY.4.2.3,7561,ORF1a:T3255I
ORF1a,T3646A,AY.4.2.3,7561,ORF1a:T3646A
ORF1b,P314L,AY.4.2.3,7561,ORF1b:P314L
ORF1b,G662S,AY.4.2.3,7561,ORF1b:G662S
ORF1b,P1000L,AY.4.2.3,7561,ORF1b:P1000L
ORF1b,A1918V,AY.4.2.3,7561,ORF1b:A1918V
S,T19R,AY.4.2.3,7561,S:T19R
S,T95I,AY.4.2.3,7561,S:T95I
S,Y145H,AY.4.2.3,7561,S:Y145H
S,E156G,AY.4.2.3,7561,S:E156G
S,del157/158,AY.4.2.3,7561,S:del157/158
S,A222V,AY.4.2.3,7561,S:A222V
S,L452R,AY.4.2.3,7561,S:L452R
S,T478K,AY.4.2.3,7561,S:T478K
S,D614G,AY.4.2.3,7561,S:D614G
S,P681R,AY.4.2.3,7561,S:P681R
S,D950N,AY.4.2.3,7561,S:D950N
ORF3a,S26L,AY.4.2.3,7561,ORF3a:S26L
M,I82T,AY.4.2.3,7561,M:I82T
ORF7a,V82A,AY.4.2.3,7561,ORF7a:V82A
ORF7a,T120I,AY.4.2.3,7561,ORF7a:T120I
ORF7b,T40I,AY.4.2.3,7561,ORF7b:T40I
ORF8,S84L,AY.4.2.3,7561,ORF8:S84L
ORF8,del119/120,AY.4.2.3,7561,ORF8:del119/120
N,D63G,AY.4.2.3,7561,N:D63G
N,R203M,AY.4.2.3,7561,N:R203M
N,G215C,AY.4.2.3,7561,N:G215C
N,D377Y,AY.4.2.3,7561,N:D377Y
ORF1a,A1306S,AY.4.2.2,29042,ORF1a:A1306S
ORF1a,P2046L,AY.4.2.2,29042,ORF1a:P2046L
ORF1a,P2287S,AY.4.2.2,29042,ORF1a:P2287S
ORF1a,A2529V,AY.4.2.2,29042,ORF1a:A2529V
ORF1a,V2930L,AY.4.2.2,29042,ORF1a:V2930L
ORF1a,T3255I,AY.4.2.2,29042,ORF1a:T3255I
ORF1a,T3646A,AY.4.2.2,29042,ORF1a:T3646A
ORF1b,P314L,AY.4.2.2,29042,ORF1b:P314L
ORF1b,G662S,AY.4.2.2,29042,ORF1b:G662S
ORF1b,P1000L,AY.4.2.2,29042,ORF1b:P1000L
ORF1b,A1918V,AY.4.2.2,29042,ORF1b:A1918V
S,T19R,AY.4.2.2,29042,S:T19R
S,T95I,AY.4.2.2,29042,S:T95I
S,G142D,AY.4.2.2,29042,S:G142D
S,Y145H,AY.4.2.2,29042,S:Y145H
S,E156G,AY.4.2.2,29042,S:E156G
S,del157/158,AY.4.2.2,29042,S:del157/158
S,A222V,AY.4.2.2,29042,S:A222V
S,L452R,AY.4.2.2,29042,S:L452R
S,T478K,AY.4.2.2,29042,S:T478K
S,D614G,AY.4.2.2,29042,S:D614G
S,P681R,AY.4.2.2,29042,S:P681R
S,D950N,AY.4.2.2,29042,S:D950N
S,V1264L,AY.4.2.2,29042,S:V1264L
ORF3a,S26L,AY.4.2.2,29042,ORF3a:S26L
M,I82T,AY.4.2.2,29042,M:I82T
ORF7a,V82A,AY.4.2.2,29042,ORF7a:V82A
ORF7a,T120I,AY.4.2.2,29042,ORF7a:T120I
ORF7b,T40I,AY.4.2.2,29042,ORF7b:T40I
ORF8,S84L,AY.4.2.2,29042,ORF8:S84L
ORF8,del119/120,AY.4.2.2,29042,ORF8:del119/120
N,D63G,AY.4.2.2,29042,N:D63G
N,R203M,AY.4.2.2,29042,N:R203M
N,G215C,AY.4.2.2,29042,N:G215C
N,D377Y,AY.4.2.2,29042,N:D377Y
ORF1a,A1306S,AY.33,21942,ORF1a:A1306S
ORF1a,P2046L,AY.33,21942,ORF1a:P2046L
ORF1a,P2287S,AY.33,21942,ORF1a:P2287S
ORF1a,V2930L,AY.33,21942,ORF1a:V2930L
ORF1a,T3255I,AY.33,21942,ORF1a:T3255I
ORF1a,T3646A,AY.33,21942,ORF1a:T3646A
ORF1b,P314L,AY.33,21942,ORF1b:P314L
ORF1b,G662S,AY.33,21942,ORF1b:G662S
ORF1b,P1000L,AY.33,21942,ORF1b:P1000L
ORF1b,A1918V,AY.33,21942,ORF1b:A1918V
S,T19R,AY.33,21942,S:T19R
S,T29A,AY.33,21942,S:T29A
S,E156G,AY.33,21942,S:E156G
S,del157/158,AY.33,21942,S:del157/158
S,T250I,AY.33,21942,S:T250I
S,L452R,AY.33,21942,S:L452R
S,T478K,AY.33,21942,S:T478K
S,D614G,AY.33,21942,S:D614G
S,P681R,AY.33,21942,S:P681R
S,D950N,AY.33,21942,S:D950N
ORF3a,S26L,AY.33,21942,ORF3a:S26L
M,I82T,AY.33,21942,M:I82T
ORF7a,V82A,AY.33,21942,ORF7a:V82A
ORF7a,T120I,AY.33,21942,ORF7a:T120I
ORF7b,T40I,AY.33,21942,ORF7b:T40I
ORF8,S84L,AY.33,21942,ORF8:S84L
ORF8,del119/120,AY.33,21942,ORF8:del119/120
N,D63G,AY.33,21942,N:D63G
N,R203M,AY.33,21942,N:R203M
N,G215C,AY.33,21942,N:G215C
N,D377Y,AY.33,21942,N:D377Y
ORF1a,A1306S,AY.120.2.1,2250,ORF1a:A1306S
ORF1a,P2046L,AY.120.2.1,2250,ORF1a:P2046L
ORF1a,S2048F,AY.120.2.1,2250,ORF1a:S2048F
ORF1a,P2287S,AY.120.2.1,2250,ORF1a:P2287S
ORF1a,V2930L,AY.120.2.1,2250,ORF1a:V2930L
ORF1a,T3255I,AY.120.2.1,2250,ORF1a:T3255I
ORF1a,T3646A,AY.120.2.1,2250,ORF1a:T3646A
ORF1b,P314L,AY.120.2.1,2250,ORF1b:P314L
ORF1b,G662S,AY.120.2.1,2250,ORF1b:G662S
ORF1b,P1000L,AY.120.2.1,2250,ORF1b:P1000L
ORF1b,A1918V,AY.120.2.1,2250,ORF1b:A1918V
S,T19R,AY.120.2.1,2250,S:T19R
S,H66Y,AY.120.2.1,2250,S:H66Y
S,T95I,AY.120.2.1,2250,S:T95I
S,E156G,AY.120.2.1,2250,S:E156G
S,del157/158,AY.120.2.1,2250,S:del157/158
S,L452R,AY.120.2.1,2250,S:L452R
S,T478K,AY.120.2.1,2250,S:T478K
S,D614G,AY.120.2.1,2250,S:D614G
S,P681R,AY.120.2.1,2250,S:P681R
S,D950N,AY.120.2.1,2250,S:D950N
ORF3a,S26L,AY.120.2.1,2250,ORF3a:S26L
M,I82T,AY.120.2.1,2250,M:I82T
ORF7a,V82A,AY.120.2.1,2250,ORF7a:V82A
ORF7a,T120I,AY.120.2.1,2250,ORF7a:T120I
ORF7b,T40I,AY.120.2.1,2250,ORF7b:T40I
ORF8,S84L,AY.120.2.1,2250,ORF8:S84L
ORF8,del119/120,AY.120.2.1,2250,ORF8:del119/120
N,D63G,AY.120.2.1,2250,N:D63G
N,R203M,AY.120.2.1,2250,N:R203M
N,G215C,AY.120.2.1,2250,N:G215C
N,D377Y,AY.120.2.1,2250,N:D377Y
ORF1b,P314L,B.1.1,54443,ORF1b:P314L
S,D614G,B.1.1,54443,S:D614G
ORF8,S84L,B.1.1,54443,ORF8:S84L
N,R203K,B.1.1,54443,N:R203K
N,G204R,B.1.1,54443,N:G204R
ORF1a,E87D,AY.98.1,32953,ORF1a:E87D
ORF1a,A1306S,AY.98.1,32953,ORF1a:A1306S
ORF1a,E1724D,AY.98.1,32953,ORF1a:E1724D
ORF1a,P2046L,AY.98.1,32953,ORF1a:P2046L
ORF1a,P2287S,AY.98.1,32953,ORF1a:P2287S
ORF1a,V2930L,AY.98.1,32953,ORF1a:V2930L
ORF1a,T3255I,AY.98.1,32953,ORF1a:T3255I
ORF1a,T3646A,AY.98.1,32953,ORF1a:T3646A
ORF1b,P314L,AY.98.1,32953,ORF1b:P314L
ORF1b,G662S,AY.98.1,32953,ORF1b:G662S
ORF1b,P1000L,AY.98.1,32953,ORF1b:P1000L
ORF1b,A1918V,AY.98.1,32953,ORF1b:A1918V
S,T19R,AY.98.1,32953,S:T19R
S,E156G,AY.98.1,32953,S:E156G
S,del157/158,AY.98.1,32953,S:del157/158
S,P251L,AY.98.1,32953,S:P251L
S,L452R,AY.98.1,32953,S:L452R
S,T478K,AY.98.1,32953,S:T478K
S,D614G,AY.98.1,32953,S:D614G
S,P681R,AY.98.1,32953,S:P681R
S,D950N,AY.98.1,32953,S:D950N
ORF3a,S26L,AY.98.1,32953,ORF3a:S26L
M,I82T,AY.98.1,32953,M:I82T
ORF7a,V82A,AY.98.1,32953,ORF7a:V82A
ORF7a,T120I,AY.98.1,32953,ORF7a:T120I
ORF7b,T40I,AY.98.1,32953,ORF7b:T40I
ORF8,A65S,AY.98.1,32953,ORF8:A65S
ORF8,S84L,AY.98.1,32953,ORF8:S84L
ORF8,del119/120,AY.98.1,32953,ORF8:del119/120
N,D63G,AY.98.1,32953,N:D63G
N,R203M,AY.98.1,32953,N:R203M
N,G215C,AY.98.1,32953,N:G215C
N,D377Y,AY.98.1,32953,N:D377Y
ORF1a,S1188L,P.1,66259,ORF1a:S1188L
ORF1a,K1795Q,P.1,66259,ORF1a:K1795Q
ORF1a,del3675/3677,P.1,66259,ORF1a:del3675/3677
ORF1b,P314L,P.1,66259,ORF1b:P314L
ORF1b,E1264D,P.1,66259,ORF1b:E1264D
S,L18F,P.1,66259,S:L18F
S,T20N,P.1,66259,S:T20N
S,P26S,P.1,66259,S:P26S
S,D138Y,P.1,66259,S:D138Y
S,R190S,P.1,66259,S:R190S
S,K417T,P.1,66259,S:K417T
S,E484K,P.1,66259,S:E484K
S,N501Y,P.1,66259,S:N501Y
S,D614G,P.1,66259,S:D614G
S,H655Y,P.1,66259,S:H655Y
S,T1027I,P.1,66259,S:T1027I
S,V1176F,P.1,66259,S:V1176F
ORF3a,S253P,P.1,66259,ORF3a:S253P
ORF8,S84L,P.1,66259,ORF8:S84L
ORF8,E92K,P.1,66259,ORF8:E92K
N,P80R,P.1,66259,N:P80R
N,R203K,P.1,66259,N:R203K
N,G204R,P.1,66259,N:G204R
ORF1b,P314L,B.1.617.2,161619,ORF1b:P314L
ORF1b,G662S,B.1.617.2,161619,ORF1b:G662S
ORF1b,P1000L,B.1.617.2,161619,ORF1b:P1000L
S,T19R,B.1.617.2,161619,S:T19R
S,E156G,B.1.617.2,161619,S:E156G
S,del157/158,B.1.617.2,161619,S:del157/158
S,L452R,B.1.617.2,161619,S:L452R
S,T478K,B.1.617.2,161619,S:T478K
S,D614G,B.1.617.2,161619,S:D614G
S,P681R,B.1.617.2,161619,S:P681R
S,D950N,B.1.617.2,161619,S:D950N
ORF3a,S26L,B.1.617.2,161619,ORF3a:S26L
M,I82T,B.1.617.2,161619,M:I82T
ORF7a,V82A,B.1.617.2,161619,ORF7a:V82A
ORF7a,T120I,B.1.617.2,161619,ORF7a:T120I
ORF8,S84L,B.1.617.2,161619,ORF8:S84L
ORF8,del119/120,B.1.617.2,161619,ORF8:del119/120
N,D63G,B.1.617.2,161619,N:D63G
N,R203M,B.1.617.2,161619,N:R203M
N,D377Y,B.1.617.2,161619,N:D377Y
ORF1a,H1113Y,B.1.221,13921,ORF1a:H1113Y
ORF1b,P314L,B.1.221,13921,ORF1b:P314L
S,S98F,B.1.221,13921,S:S98F
S,D614G,B.1.221,13921,S:D614G
ORF3a,Q38R,B.1.221,13921,ORF3a:Q38R
ORF3a,G172R,B.1.221,13921,ORF3a:G172R
ORF3a,V202L,B.1.221,13921,ORF3a:V202L
ORF8,S84L,B.1.221,13921,ORF8:S84L
N,P199L,B.1.221,13921,N:P199L
ORF1b,P314L,B.1.1.261,115,ORF1b:P314L
S,D614G,B.1.1.261,115,S:D614G
E,S68F,B.1.1.261,115,E:S68F
ORF8,S84L,B.1.1.261,115,ORF8:S84L
N,R203K,B.1.1.261,115,N:R203K
N,G204R,B.1.1.261,115,N:G204R
N,T205I,B.1.1.261,115,N:T205I
ORF1a,T1246I,C.35,1305,ORF1a:T1246I
ORF1a,K1895N,C.35,1305,ORF1a:K1895N
ORF1a,G3278S,C.35,1305,ORF1a:G3278S
ORF1b,P314L,C.35,1305,ORF1b:P314L
ORF1b,V2089F,C.35,1305,ORF1b:V2089F
S,D614G,C.35,1305,S:D614G
ORF8,S84L,C.35,1305,ORF8:S84L
N,R203K,C.35,1305,N:R203K
N,G204R,C.35,1305,N:G204R
ORF1b,P314L,R.1,11137,ORF1b:P314L
ORF1b,G1362R,R.1,11137,ORF1b:G1362R
ORF1b,P1936H,R.1,11137,ORF1b:P1936H
S,W152L,R.1,11137,S:W152L
S,E484K,R.1,11137,S:E484K
S,D614G,R.1,11137,S:D614G
S,G769V,R.1,11137,S:G769V
M,F28L,R.1,11137,M:F28L
ORF8,S84L,R.1,11137,ORF8:S84L
N,S187L,R.1,11137,N:S187L
N,R203K,R.1,11137,N:R203K
N,G204R,R.1,11137,N:G204R
N,Q418H,R.1,11137,N:Q418H
ORF1a,T2952I,B.1.1.302,484,ORF1a:T2952I
ORF1b,P314L,B.1.1.302,484,ORF1b:P314L
ORF1b,T1522I,B.1.1.302,484,ORF1b:T1522I
ORF1b,P2256S,B.1.1.302,484,ORF1b:P2256S
S,D614G,B.1.1.302,484,S:D614G
S,V1122L,B.1.1.302,484,S:V1122L
ORF7a,Q94L,B.1.1.302,484,ORF7a:Q94L
ORF8,S84L,B.1.1.302,484,ORF8:S84L
N,R203K,B.1.1.302,484,N:R203K
N,G204R,B.1.1.302,484,N:G204R
ORF1a,P1640L,AY.9.2,54101,ORF1a:P1640L
ORF1a,A3209V,AY.9.2,54101,ORF1a:A3209V
ORF1a,V3718A,AY.9.2,54101,ORF1a:V3718A
ORF1a,T3750I,AY.9.2,54101,ORF1a:T3750I
ORF1b,R188Q,AY.9.2,54101,ORF1b:R188Q
ORF1b,P314L,AY.9.2,54101,ORF1b:P314L
ORF1b,G662S,AY.9.2,54101,ORF1b:G662S
ORF1b,P1000L,AY.9.2,54101,ORF1b:P1000L
ORF1b,T1540I,AY.9.2,54101,ORF1b:T1540I
S,T19R,AY.9.2,54101,S:T19R
S,E156G,AY.9.2,54101,S:E156G
S,del157/158,AY.9.2,54101,S:del157/158
S,A222V,AY.9.2,54101,S:A222V
S,L452R,AY.9.2,54101,S:L452R
S,T478K,AY.9.2,54101,S:T478K
S,D614G,AY.9.2,54101,S:D614G
S,P681R,AY.9.2,54101,S:P681R
S,D950N,AY.9.2,54101,S:D950N
ORF3a,S26L,AY.9.2,54101,ORF3a:S26L
M,I82T,AY.9.2,54101,M:I82T
ORF7a,V82A,AY.9.2,54101,ORF7a:V82A
ORF7a,T120I,AY.9.2,54101,ORF7a:T120I
ORF8,S84L,AY.9.2,54101,ORF8:S84L
ORF8,del119/120,AY.9.2,54101,ORF8:del119/120
N,D63G,AY.9.2,54101,N:D63G
N,R203M,AY.9.2,54101,N:R203M
N,D377Y,AY.9.2,54101,N:D377Y
ORF1a,A1306S,AY.121.1,3875,ORF1a:A1306S
ORF1a,P2046L,AY.121.1,3875,ORF1a:P2046L
ORF1a,P2287S,AY.121.1,3875,ORF1a:P2287S
ORF1a,V2930L,AY.121.1,3875,ORF1a:V2930L
ORF1a,T3255I,AY.121.1,3875,ORF1a:T3255I
ORF1a,T3646A,AY.121.1,3875,ORF1a:T3646A
ORF1b,P314L,AY.121.1,3875,ORF1b:P314L
ORF1b,G662S,AY.121.1,3875,ORF1b:G662S
ORF1b,P1000L,AY.121.1,3875,ORF1b:P1000L
ORF1b,H1087Y,AY.121.1,3875,ORF1b:H1087Y
ORF1b,A1918V,AY.121.1,3875,ORF1b:A1918V
ORF1b,A2131V,AY.121.1,3875,ORF1b:A2131V
S,T19R,AY.121.1,3875,S:T19R
S,T29I,AY.121.1,3875,S:T29I
S,T95I,AY.121.1,3875,S:T95I
S,E156G,AY.121.1,3875,S:E156G
S,del157/158,AY.121.1,3875,S:del157/158
S,L452R,AY.121.1,3875,S:L452R
S,T478K,AY.121.1,3875,S:T478K
S,D614G,AY.121.1,3875,S:D614G
S,P681R,AY.121.1,3875,S:P681R
S,D950N,AY.121.1,3875,S:D950N
ORF3a,S26L,AY.121.1,3875,ORF3a:S26L
ORF3a,V202L,AY.121.1,3875,ORF3a:V202L
M,I82T,AY.121.1,3875,M:I82T
ORF7a,T115I,AY.121.1,3875,ORF7a:T115I
ORF7a,T120I,AY.121.1,3875,ORF7a:T120I
ORF7b,T40I,AY.121.1,3875,ORF7b:T40I
ORF8,S84L,AY.121.1,3875,ORF8:S84L
ORF8,del119/120,AY.121.1,3875,ORF8:del119/120
N,D63G,AY.121.1,3875,N:D63G
N,R203M,AY.121.1,3875,N:R203M
N,G215C,AY.121.1,3875,N:G215C
N,D377Y,AY.121.1,3875,N:D377Y
ORF1a,P1640L,AY.38,1719,ORF1a:P1640L
ORF1a,A3209V,AY.38,1719,ORF1a:A3209V
ORF1a,V3718A,AY.38,1719,ORF1a:V3718A
ORF1a,T3750I,AY.38,1719,ORF1a:T3750I
ORF1b,P314L,AY.38,1719,ORF1b:P314L
ORF1b,G662S,AY.38,1719,ORF1b:G662S
ORF1b,G765C,AY.38,1719,ORF1b:G765C
ORF1b,P1000L,AY.38,1719,ORF1b:P1000L
S,T19R,AY.38,1719,S:T19R
S,E156G,AY.38,1719,S:E156G
S,del157/158,AY.38,1719,S:del157/158
S,A222V,AY.38,1719,S:A222V
S,T250S,AY.38,1719,S:T250S
S,L452R,AY.38,1719,S:L452R
S,T478K,AY.38,1719,S:T478K
S,D614G,AY.38,1719,S:D614G
S,P681R,AY.38,1719,S:P681R
S,D950N,AY.38,1719,S:D950N
ORF3a,S26L,AY.38,1719,ORF3a:S26L
M,I82T,AY.38,1719,M:I82T
ORF7a,V82A,AY.38,1719,ORF7a:V82A
ORF7a,T120I,AY.38,1719,ORF7a:T120I
ORF8,S84L,AY.38,1719,ORF8:S84L
ORF8,del119/120,AY.38,1719,ORF8:del119/120
N,D63G,AY.38,1719,N:D63G
N,R203M,AY.38,1719,N:R203M
N,D377Y,AY.38,1719,N:D377Y
ORF1a,P1640L,AY.9.2.2,1165,ORF1a:P1640L
ORF1a,I3140M,AY.9.2.2,1165,ORF1a:I3140M
ORF1a,A3209V,AY.9.2.2,1165,ORF1a:A3209V
ORF1a,V3718A,AY.9.2.2,1165,ORF1a:V3718A
ORF1a,T3750I,AY.9.2.2,1165,ORF1a:T3750I
ORF1b,R188Q,AY.9.2.2,1165,ORF1b:R188Q
ORF1b,P314L,AY.9.2.2,1165,ORF1b:P314L
ORF1b,G662S,AY.9.2.2,1165,ORF1b:G662S
ORF1b,P1000L,AY.9.2.2,1165,ORF1b:P1000L
ORF1b,T1540I,AY.9.2.2,1165,ORF1b:T1540I
S,T19R,AY.9.2.2,1165,S:T19R
S,E156G,AY.9.2.2,1165,S:E156G
S,del157/158,AY.9.2.2,1165,S:del157/158
S,A222V,AY.9.2.2,1165,S:A222V
S,L452R,AY.9.2.2,1165,S:L452R
S,T478K,AY.9.2.2,1165,S:T478K
S,D614G,AY.9.2.2,1165,S:D614G
S,Q675K,AY.9.2.2,1165,S:Q675K
S,P681R,AY.9.2.2,1165,S:P681R
S,D950N,AY.9.2.2,1165,S:D950N
ORF3a,S26L,AY.9.2.2,1165,ORF3a:S26L
M,I82T,AY.9.2.2,1165,M:I82T
ORF7a,V82A,AY.9.2.2,1165,ORF7a:V82A
ORF7a,T120I,AY.9.2.2,1165,ORF7a:T120I
ORF8,S84L,AY.9.2.2,1165,ORF8:S84L
ORF8,del119/120,AY.9.2.2,1165,ORF8:del119/120
N,D63G,AY.9.2.2,1165,N:D63G
N,R203M,AY.9.2.2,1165,N:R203M
N,D377Y,AY.9.2.2,1165,N:D377Y
ORF1a,A1306S,AY.39,53087,ORF1a:A1306S
ORF1a,P2046L,AY.39,53087,ORF1a:P2046L
ORF1a,P2287S,AY.39,53087,ORF1a:P2287S
ORF1a,V2930L,AY.39,53087,ORF1a:V2930L
ORF1a,T3255I,AY.39,53087,ORF1a:T3255I
ORF1a,T3646A,AY.39,53087,ORF1a:T3646A
ORF1b,P314L,AY.39,53087,ORF1b:P314L
ORF1b,G662S,AY.39,53087,ORF1b:G662S
ORF1b,P1000L,AY.39,53087,ORF1b:P1000L
ORF1b,A1918V,AY.39,53087,ORF1b:A1918V
ORF1b,Q2635H,AY.39,53087,ORF1b:Q2635H
S,T19R,AY.39,53087,S:T19R
S,E156G,AY.39,53087,S:E156G
S,del157/158,AY.39,53087,S:del157/158
S,L452R,AY.39,53087,S:L452R
S,T478K,AY.39,53087,S:T478K
S,D614G,AY.39,53087,S:D614G
S,P681R,AY.39,53087,S:P681R
S,D950N,AY.39,53087,S:D950N
ORF3a,S26L,AY.39,53087,ORF3a:S26L
M,I82T,AY.39,53087,M:I82T
ORF7a,V82A,AY.39,53087,ORF7a:V82A
ORF7a,T120I,AY.39,53087,ORF7a:T120I
ORF7b,T40I,AY.39,53087,ORF7b:T40I
ORF8,S84L,AY.39,53087,ORF8:S84L
ORF8,del119/120,AY.39,53087,ORF8:del119/120
N,D63G,AY.39,53087,N:D63G
N,R203M,AY.39,53087,N:R203M
N,G215C,AY.39,53087,N:G215C
N,D377Y,AY.39,53087,N:D377Y
ORF1a,T265I,B.1.351,35566,ORF1a:T265I
ORF1a,K1655N,B.1.351,35566,ORF1a:K1655N
ORF1a,K3353R,B.1.351,35566,ORF1a:K3353R
ORF1a,del3675/3677,B.1.351,35566,ORF1a:del3675/3677
ORF1b,P314L,B.1.351,35566,ORF1b:P314L
S,D80A,B.1.351,35566,S:D80A
S,D215G,B.1.351,35566,S:D215G
S,del241/243,B.1.351,35566,S:del241/243
S,K417N,B.1.351,35566,S:K417N
S,E484K,B.1.351,35566,S:E484K
S,N501Y,B.1.351,35566,S:N501Y
S,D614G,B.1.351,35566,S:D614G
S,A701V,B.1.351,35566,S:A701V
ORF3a,Q57H,B.1.351,35566,ORF3a:Q57H
ORF3a,S171L,B.1.351,35566,ORF3a:S171L
E,P71L,B.1.351,35566,E:P71L
ORF8,S84L,B.1.351,35566,ORF8:S84L
N,T205I,B.1.351,35566,N:T205I
ORF1a,A1306S,AY.120,31675,ORF1a:A1306S
ORF1a,P2046L,AY.120,31675,ORF1a:P2046L
ORF1a,S2048F,AY.120,31675,ORF1a:S2048F
ORF1a,P2287S,AY.120,31675,ORF1a:P2287S
ORF1a,V2930L,AY.120,31675,ORF1a:V2930L
ORF1a,T3255I,AY.120,31675,ORF1a:T3255I
ORF1a,T3646A,AY.120,31675,ORF1a:T3646A
ORF1b,P314L,AY.120,31675,ORF1b:P314L
ORF1b,G662S,AY.120,31675,ORF1b:G662S
ORF1b,P1000L,AY.120,31675,ORF1b:P1000L
ORF1b,A1918V,AY.120,31675,ORF1b:A1918V
S,T19R,AY.120,31675,S:T19R
S,T95I,AY.120,31675,S:T95I
S,E156G,AY.120,31675,S:E156G
S,del157/158,AY.120,31675,S:del157/158
S,L452R,AY.120,31675,S:L452R
S,T478K,AY.120,31675,S:T478K
S,D614G,AY.120,31675,S:D614G
S,P681R,AY.120,31675,S:P681R
S,D950N,AY.120,31675,S:D950N
ORF3a,S26L,AY.120,31675,ORF3a:S26L
M,I82T,AY.120,31675,M:I82T
ORF7a,V82A,AY.120,31675,ORF7a:V82A
ORF7a,T120I,AY.120,31675,ORF7a:T120I
ORF7b,T40I,AY.120,31675,ORF7b:T40I
ORF8,S84L,AY.120,31675,ORF8:S84L
ORF8,del119/120,AY.120,31675,ORF8:del119/120
N,D63G,AY.120,31675,N:D63G
N,R203M,AY.120,31675,N:R203M
N,G215C,AY.120,31675,N:G215C
N,D377Y,AY.120,31675,N:D377Y
ORF1a,E102K,C.36.3,1813,ORF1a:E102K
ORF1a,A859V,C.36.3,1813,ORF1a:A859V
ORF1a,T1246I,C.36.3,1813,ORF1a:T1246I
ORF1a,D1639N,C.36.3,1813,ORF1a:D1639N
ORF1a,P2287S,C.36.3,1813,ORF1a:P2287S
ORF1a,D2980N,C.36.3,1813,ORF1a:D2980N
ORF1a,D3222N,C.36.3,1813,ORF1a:D3222N
ORF1a,G3278S,C.36.3,1813,ORF1a:G3278S
ORF1a,S3687L,C.36.3,1813,ORF1a:S3687L
ORF1a,L3691S,C.36.3,1813,ORF1a:L3691S
ORF1a,T4090I,C.36.3,1813,ORF1a:T4090I
ORF1b,P314L,C.36.3,1813,ORF1b:P314L
ORF1b,D1028Y,C.36.3,1813,ORF1b:D1028Y
S,S12F,C.36.3,1813,S:S12F
S,del69/70,C.36.3,1813,S:del69/70
S,W152R,C.36.3,1813,S:W152R
S,R346S,C.36.3,1813,S:R346S
S,L452R,C.36.3,1813,S:L452R
S,D614G,C.36.3,1813,S:D614G
S,Q677H,C.36.3,1813,S:Q677H
S,A899S,C.36.3,1813,S:A899S
M,I82T,C.36.3,1813,M:I82T
ORF7b,A43S,C.36.3,1813,ORF7b:A43S
ORF8,S84L,C.36.3,1813,ORF8:S84L
N,R203K,C.36.3,1813,N:R203K
N,G204R,C.36.3,1813,N:G204R
N,G212V,C.36.3,1813,N:G212V
ORF1a,A1306S,AY.121,37286,ORF1a:A1306S
ORF1a,P2046L,AY.121,37286,ORF1a:P2046L
ORF1a,P2287S,AY.121,37286,ORF1a:P2287S
ORF1a,V2930L,AY.121,37286,ORF1a:V2930L
ORF1a,T3255I,AY.121,37286,ORF1a:T3255I
ORF1a,T3646A,AY.121,37286,ORF1a:T3646A
ORF1b,P314L,AY.121,37286,ORF1b:P314L
ORF1b,G662S,AY.121,37286,ORF1b:G662S
ORF1b,P1000L,AY.121,37286,ORF1b:P1000L
ORF1b,A1918V,AY.121,37286,ORF1b:A1918V
S,T19R,AY.121,37286,S:T19R
S,T95I,AY.121,37286,S:T95I
S,E156G,AY.121,37286,S:E156G
S,del157/158,AY.121,37286,S:del157/158
S,L452R,AY.121,37286,S:L452R
S,T478K,AY.121,37286,S:T478K
S,D614G,AY.121,37286,S:D614G
S,P681R,AY.121,37286,S:P681R
S,D950N,AY.121,37286,S:D950N
ORF3a,S26L,AY.121,37286,ORF3a:S26L
ORF3a,V202L,AY.121,37286,ORF3a:V202L
M,I82T,AY.121,37286,M:I82T
ORF7a,V82A,AY.121,37286,ORF7a:V82A
ORF7a,T120I,AY.121,37286,ORF7a:T120I
ORF7b,T40I,AY.121,37286,ORF7b:T40I
ORF8,S84L,AY.121,37286,ORF8:S84L
ORF8,del119/120,AY.121,37286,ORF8:del119/120
N,D63G,AY.121,37286,N:D63G
N,R203M,AY.121,37286,N:R203M
N,G215C,AY.121,37286,N:G215C
N,D377Y,AY.121,37286,N:D377Y
ORF1b,P314L,B.1.177.60,5193,ORF1b:P314L
S,L18F,B.1.177.60,5193,S:L18F
S,A222V,B.1.177.60,5193,S:A222V
S,D614G,B.1.177.60,5193,S:D614G
ORF3a,V77F,B.1.177.60,5193,ORF3a:V77F
ORF8,S84L,B.1.177.60,5193,ORF8:S84L
N,A220V,B.1.177.60,5193,N:A220V
ORF10,V30L,B.1.177.60,5193,ORF10:V30L
ORF1a,P1640L,AY.75,27021,ORF1a:P1640L
ORF1a,A3209V,AY.75,27021,ORF1a:A3209V
ORF1a,V3718A,AY.75,27021,ORF1a:V3718A
ORF1a,T3750I,AY.75,27021,ORF1a:T3750I
ORF1b,P314L,AY.75,27021,ORF1b:P314L
ORF1b,G662S,AY.75,27021,ORF1b:G662S
ORF1b,P1000L,AY.75,27021,ORF1b:P1000L
S,T19R,AY.75,27021,S:T19R
S,E156G,AY.75,27021,S:E156G
S,del157/158,AY.75,27021,S:del157/158
S,A222V,AY.75,27021,S:A222V
S,L452R,AY.75,27021,S:L452R
S,T478K,AY.75,27021,S:T478K
S,D614G,AY.75,27021,S:D614G
S,P681R,AY.75,27021,S:P681R
S,D950N,AY.75,27021,S:D950N
ORF3a,S26L,AY.75,27021,ORF3a:S26L
M,I82T,AY.75,27021,M:I82T
ORF7a,V82A,AY.75,27021,ORF7a:V82A
ORF7a,T120I,AY.75,27021,ORF7a:T120I
ORF8,S84L,AY.75,27021,ORF8:S84L
ORF8,del119/120,AY.75,27021,ORF8:del119/120
N,D63G,AY.75,27021,N:D63G
N,R203M,AY.75,27021,N:R203M
N,D377Y,AY.75,27021,N:D377Y
ORF1a,A1306S,AY.34.1,7425,ORF1a:A1306S
ORF1a,P2046L,AY.34.1,7425,ORF1a:P2046L
ORF1a,P2287S,AY.34.1,7425,ORF1a:P2287S
ORF1a,V2930L,AY.34.1,7425,ORF1a:V2930L
ORF1a,C3059F,AY.34.1,7425,ORF1a:C3059F
ORF1a,T3255I,AY.34.1,7425,ORF1a:T3255I
ORF1a,T3646A,AY.34.1,7425,ORF1a:T3646A
ORF1b,P314L,AY.34.1,7425,ORF1b:P314L
ORF1b,G662S,AY.34.1,7425,ORF1b:G662S
ORF1b,P1000L,AY.34.1,7425,ORF1b:P1000L
ORF1b,M1596I,AY.34.1,7425,ORF1b:M1596I
ORF1b,A1918V,AY.34.1,7425,ORF1b:A1918V
S,T19R,AY.34.1,7425,S:T19R
S,T95I,AY.34.1,7425,S:T95I
S,E156G,AY.34.1,7425,S:E156G
S,del157/158,AY.34.1,7425,S:del157/158
S,L452R,AY.34.1,7425,S:L452R
S,T478K,AY.34.1,7425,S:T478K
S,D614G,AY.34.1,7425,S:D614G
S,Q677H,AY.34.1,7425,S:Q677H
S,P681R,AY.34.1,7425,S:P681R
S,D950N,AY.34.1,7425,S:D950N
S,L1265F,AY.34.1,7425,S:L1265F
ORF3a,S26L,AY.34.1,7425,ORF3a:S26L
M,I82T,AY.34.1,7425,M:I82T
ORF7a,V82A,AY.34.1,7425,ORF7a:V82A
ORF7a,T120I,AY.34.1,7425,ORF7a:T120I
ORF7b,T40I,AY.34.1,7425,ORF7b:T40I
ORF8,S84L,AY.34.1,7425,ORF8:S84L
ORF8,del119/120,AY.34.1,7425,ORF8:del119/120
N,D63G,AY.34.1,7425,N:D63G
N,R203M,AY.34.1,7425,N:R203M
N,G215C,AY.34.1,7425,N:G215C
N,L230F,AY.34.1,7425,N:L230F
N,D377Y,AY.34.1,7425,N:D377Y
ORF1a,T1001I,Q.1,10809,ORF1a:T1001I
ORF1a,A1708D,Q.1,10809,ORF1a:A1708D
ORF1a,I2230T,Q.1,10809,ORF1a:I2230T
ORF1a,del3675/3677,Q.1,10809,ORF1a:del3675/3677
ORF1b,P314L,Q.1,10809,ORF1b:P314L
S,del69/70,Q.1,10809,S:del69/70
S,del144/144,Q.1,10809,S:del144/144
S,N501Y,Q.1,10809,S:N501Y
S,A570D,Q.1,10809,S:A570D
S,D614G,Q.1,10809,S:D614G
S,P681H,Q.1,10809,S:P681H
S,T716I,Q.1,10809,S:T716I
S,S982A,Q.1,10809,S:S982A
S,D1118H,Q.1,10809,S:D1118H
ORF8,Q27*,Q.1,10809,ORF8:Q27*
ORF8,R52I,Q.1,10809,ORF8:R52I
ORF8,Y73C,Q.1,10809,ORF8:Y73C
ORF8,S84L,Q.1,10809,ORF8:S84L
N,D3L,Q.1,10809,N:D3L
N,R203K,Q.1,10809,N:R203K
N,G204R,Q.1,10809,N:G204R
N,S235F,Q.1,10809,N:S235F
ORF1a,K634Q,AY.60,1192,ORF1a:K634Q
ORF1a,P885L,AY.60,1192,ORF1a:P885L
ORF1a,P1640L,AY.60,1192,ORF1a:P1640L
ORF1a,I2790T,AY.60,1192,ORF1a:I2790T
ORF1a,A3209V,AY.60,1192,ORF1a:A3209V
ORF1a,V3718A,AY.60,1192,ORF1a:V3718A
ORF1a,T3750I,AY.60,1192,ORF1a:T3750I
ORF1b,P314L,AY.60,1192,ORF1b:P314L
ORF1b,G662S,AY.60,1192,ORF1b:G662S
ORF1b,P1000L,AY.60,1192,ORF1b:P1000L
ORF1b,A1219S,AY.60,1192,ORF1b:A1219S
S,T19R,AY.60,1192,S:T19R
S,E156G,AY.60,1192,S:E156G
S,del157/158,AY.60,1192,S:del157/158
S,A222V,AY.60,1192,S:A222V
S,L452R,AY.60,1192,S:L452R
S,T478K,AY.60,1192,S:T478K
S,D614G,AY.60,1192,S:D614G
S,P681R,AY.60,1192,S:P681R
S,D950N,AY.60,1192,S:D950N
ORF3a,S26L,AY.60,1192,ORF3a:S26L
M,I82T,AY.60,1192,M:I82T
ORF7a,V82A,AY.60,1192,ORF7a:V82A
ORF7a,T120I,AY.60,1192,ORF7a:T120I
ORF8,S84L,AY.60,1192,ORF8:S84L
ORF8,del119/120,AY.60,1192,ORF8:del119/120
N,D63G,AY.60,1192,N:D63G
N,R203M,AY.60,1192,N:R203M
N,D377Y,AY.60,1192,N:D377Y
ORF1a,K261N,AY.122,209703,ORF1a:K261N
ORF1a,A1306S,AY.122,209703,ORF1a:A1306S
ORF1a,P2046L,AY.122,209703,ORF1a:P2046L
ORF1a,P2287S,AY.122,209703,ORF1a:P2287S
ORF1a,V2930L,AY.122,209703,ORF1a:V2930L
ORF1a,T3255I,AY.122,209703,ORF1a:T3255I
ORF1a,T3646A,AY.122,209703,ORF1a:T3646A
ORF1b,P314L,AY.122,209703,ORF1b:P314L
ORF1b,G662S,AY.122,209703,ORF1b:G662S
ORF1b,P1000L,AY.122,209703,ORF1b:P1000L
ORF1b,A1918V,AY.122,209703,ORF1b:A1918V
S,T19R,AY.122,209703,S:T19R
S,E156G,AY.122,209703,S:E156G
S,del157/158,AY.122,209703,S:del157/158
S,L452R,AY.122,209703,S:L452R
S,T478K,AY.122,209703,S:T478K
S,D614G,AY.122,209703,S:D614G
S,P681R,AY.122,209703,S:P681R
S,D950N,AY.122,209703,S:D950N
ORF3a,S26L,AY.122,209703,ORF3a:S26L
M,I82T,AY.122,209703,M:I82T
ORF7a,V82A,AY.122,209703,ORF7a:V82A
ORF7a,T120I,AY.122,209703,ORF7a:T120I
ORF7b,T40I,AY.122,209703,ORF7b:T40I
ORF8,S84L,AY.122,209703,ORF8:S84L
ORF8,del119/120,AY.122,209703,ORF8:del119/120
N,D63G,AY.122,209703,N:D63G
N,R203M,AY.122,209703,N:R203M
N,G215C,AY.122,209703,N:G215C
N,D377Y,AY.122,209703,N:D377Y
ORF1a,T814I,AY.4.8,4694,ORF1a:T814I
ORF1a,A1306S,AY.4.8,4694,ORF1a:A1306S
ORF1a,P2046L,AY.4.8,4694,ORF1a:P2046L
ORF1a,P2287S,AY.4.8,4694,ORF1a:P2287S
ORF1a,A2529V,AY.4.8,4694,ORF1a:A2529V
ORF1a,V2930L,AY.4.8,4694,ORF1a:V2930L
ORF1a,T3255I,AY.4.8,4694,ORF1a:T3255I
ORF1a,T3646A,AY.4.8,4694,ORF1a:T3646A
ORF1a,Q3729K,AY.4.8,4694,ORF1a:Q3729K
ORF1b,P314L,AY.4.8,4694,ORF1b:P314L
ORF1b,G662S,AY.4.8,4694,ORF1b:G662S
ORF1b,P1000L,AY.4.8,4694,ORF1b:P1000L
ORF1b,A1918V,AY.4.8,4694,ORF1b:A1918V
S,T19R,AY.4.8,4694,S:T19R
S,T95I,AY.4.8,4694,S:T95I
S,G142D,AY.4.8,4694,S:G142D
S,E156G,AY.4.8,4694,S:E156G
S,del157/158,AY.4.8,4694,S:del157/158
S,L452R,AY.4.8,4694,S:L452R
S,T478K,AY.4.8,4694,S:T478K
S,D614G,AY.4.8,4694,S:D614G
S,P681R,AY.4.8,4694,S:P681R
S,D950N,AY.4.8,4694,S:D950N
ORF3a,S26L,AY.4.8,4694,ORF3a:S26L
ORF3a,A33S,AY.4.8,4694,ORF3a:A33S
M,I82T,AY.4.8,4694,M:I82T
ORF7a,V82A,AY.4.8,4694,ORF7a:V82A
ORF7a,T120I,AY.4.8,4694,ORF7a:T120I
ORF7b,T40I,AY.4.8,4694,ORF7b:T40I
ORF8,S84L,AY.4.8,4694,ORF8:S84L
ORF8,del119/120,AY.4.8,4694,ORF8:del119/120
N,D63G,AY.4.8,4694,N:D63G
N,R203M,AY.4.8,4694,N:R203M
N,G215C,AY.4.8,4694,N:G215C
N,D377Y,AY.4.8,4694,N:D377Y
ORF1b,T17I,B.1.177.77,1392,ORF1b:T17I
ORF1b,P314L,B.1.177.77,1392,ORF1b:P314L
S,A222V,B.1.177.77,1392,S:A222V
S,D614G,B.1.177.77,1392,S:D614G
ORF3a,S165F,B.1.177.77,1392,ORF3a:S165F
ORF8,S84L,B.1.177.77,1392,ORF8:S84L
N,A220V,B.1.177.77,1392,N:A220V
ORF10,V30L,B.1.177.77,1392,ORF10:V30L
ORF1a,A1306S,AY.126,41922,ORF1a:A1306S
ORF1a,P2046L,AY.126,41922,ORF1a:P2046L
ORF1a,P2287S,AY.126,41922,ORF1a:P2287S
ORF1a,V2930L,AY.126,41922,ORF1a:V2930L
ORF1a,T3255I,AY.126,41922,ORF1a:T3255I
ORF1a,T3646A,AY.126,41922,ORF1a:T3646A
ORF1b,P314L,AY.126,41922,ORF1b:P314L
ORF1b,G662S,AY.126,41922,ORF1b:G662S
ORF1b,P1000L,AY.126,41922,ORF1b:P1000L
ORF1b,A1918V,AY.126,41922,ORF1b:A1918V
ORF1b,K2557R,AY.126,41922,ORF1b:K2557R
S,T19R,AY.126,41922,S:T19R
S,T95I,AY.126,41922,S:T95I
S,E156G,AY.126,41922,S:E156G
S,del157/158,AY.126,41922,S:del157/158
S,L452R,AY.126,41922,S:L452R
S,T478K,AY.126,41922,S:T478K
S,D614G,AY.126,41922,S:D614G
S,P681R,AY.126,41922,S:P681R
S,I850L,AY.126,41922,S:I850L
S,D950N,AY.126,41922,S:D950N
ORF3a,K16T,AY.126,41922,ORF3a:K16T
ORF3a,S26L,AY.126,41922,ORF3a:S26L
M,I82T,AY.126,41922,M:I82T
ORF7a,V82A,AY.126,41922,ORF7a:V82A
ORF7a,T120I,AY.126,41922,ORF7a:T120I
ORF7b,T40I,AY.126,41922,ORF7b:T40I
ORF8,S84L,AY.126,41922,ORF8:S84L
ORF8,del119/120,AY.126,41922,ORF8:del119/120
N,D63G,AY.126,41922,N:D63G
N,R203M,AY.126,41922,N:R203M
N,G215C,AY.126,41922,N:G215C
N,D377Y,AY.126,41922,N:D377Y
ORF1a,A1306S,AY.5,59590,ORF1a:A1306S
ORF1a,P2046L,AY.5,59590,ORF1a:P2046L
ORF1a,P2287S,AY.5,59590,ORF1a:P2287S
ORF1a,V2930L,AY.5,59590,ORF1a:V2930L
ORF1a,T3255I,AY.5,59590,ORF1a:T3255I
ORF1a,T3646A,AY.5,59590,ORF1a:T3646A
ORF1b,P314L,AY.5,59590,ORF1b:P314L
ORF1b,G662S,AY.5,59590,ORF1b:G662S
ORF1b,P1000L,AY.5,59590,ORF1b:P1000L
ORF1b,A1918V,AY.5,59590,ORF1b:A1918V
S,T19R,AY.5,59590,S:T19R
S,E156G,AY.5,59590,S:E156G
S,del157/158,AY.5,59590,S:del157/158
S,L452R,AY.5,59590,S:L452R
S,T478K,AY.5,59590,S:T478K
S,D614G,AY.5,59590,S:D614G
S,P681R,AY.5,59590,S:P681R
S,D950N,AY.5,59590,S:D950N
ORF3a,S26L,AY.5,59590,ORF3a:S26L
M,I82T,AY.5,59590,M:I82T
ORF7a,V82A,AY.5,59590,ORF7a:V82A
ORF7a,T120I,AY.5,59590,ORF7a:T120I
ORF7b,T40I,AY.5,59590,ORF7b:T40I
ORF8,S84L,AY.5,59590,ORF8:S84L
ORF8,del119/120,AY.5,59590,ORF8:del119/120
N,D63G,AY.5,59590,N:D63G
N,R203M,AY.5,59590,N:R203M
N,G215C,AY.5,59590,N:G215C
N,S327L,AY.5,59590,N:S327L
N,D377Y,AY.5,59590,N:D377Y
ORF1a,R3993C,B.1.36.1,882,ORF1a:R3993C
ORF1b,P314L,B.1.36.1,882,ORF1b:P314L
S,D614G,B.1.36.1,882,S:D614G
ORF3a,Q57H,B.1.36.1,882,ORF3a:Q57H
ORF8,S84L,B.1.36.1,882,ORF8:S84L
N,S194L,B.1.36.1,882,N:S194L
ORF1a,R24C,Q.4,2218,ORF1a:R24C
ORF1a,T1001I,Q.4,2218,ORF1a:T1001I
ORF1a,T1567A,Q.4,2218,ORF1a:T1567A
ORF1a,A1708D,Q.4,2218,ORF1a:A1708D
ORF1a,I2230T,Q.4,2218,ORF1a:I2230T
ORF1a,A2320V,Q.4,2218,ORF1a:A2320V
ORF1a,del3675/3677,Q.4,2218,ORF1a:del3675/3677
ORF1a,Q3966R,Q.4,2218,ORF1a:Q3966R
ORF1b,P314L,Q.4,2218,ORF1b:P314L
ORF1b,K1383R,Q.4,2218,ORF1b:K1383R
S,del69/70,Q.4,2218,S:del69/70
S,del144/144,Q.4,2218,S:del144/144
S,N501Y,Q.4,2218,S:N501Y
S,A570D,Q.4,2218,S:A570D
S,D614G,Q.4,2218,S:D614G
S,P681R,Q.4,2218,S:P681R
S,T716I,Q.4,2218,S:T716I
S,S982A,Q.4,2218,S:S982A
S,D1118H,Q.4,2218,S:D1118H
ORF8,Q27*,Q.4,2218,ORF8:Q27*
ORF8,R52I,Q.4,2218,ORF8:R52I
ORF8,Y73C,Q.4,2218,ORF8:Y73C
ORF8,S84L,Q.4,2218,ORF8:S84L
N,D3L,Q.4,2218,N:D3L
N,R203K,Q.4,2218,N:R203K
N,G204R,Q.4,2218,N:G204R
N,S235F,Q.4,2218,N:S235F
ORF1a,A1306S,AY.4,833785,ORF1a:A1306S
ORF1a,P2046L,AY.4,833785,ORF1a:P2046L
ORF1a,P2287S,AY.4,833785,ORF1a:P2287S
ORF1a,A2529V,AY.4,833785,ORF1a:A2529V
ORF1a,V2930L,AY.4,833785,ORF1a:V2930L
ORF1a,T3255I,AY.4,833785,ORF1a:T3255I
ORF1a,T3646A,AY.4,833785,ORF1a:T3646A
ORF1b,P314L,AY.4,833785,ORF1b:P314L
ORF1b,G662S,AY.4,833785,ORF1b:G662S
ORF1b,P1000L,AY.4,833785,ORF1b:P1000L
ORF1b,A1918V,AY.4,833785,ORF1b:A1918V
S,T19R,AY.4,833785,S:T19R
S,T95I,AY.4,833785,S:T95I
S,E156G,AY.4,833785,S:E156G
S,del157/158,AY.4,833785,S:del157/158
S,L452R,AY.4,833785,S:L452R
S,T478K,AY.4,833785,S:T478K
S,D614G,AY.4,833785,S:D614G
S,P681R,AY.4,833785,S:P681R
S,D950N,AY.4,833785,S:D950N
ORF3a,S26L,AY.4,833785,ORF3a:S26L
M,I82T,AY.4,833785,M:I82T
ORF7a,V82A,AY.4,833785,ORF7a:V82A
ORF7a,T120I,AY.4,833785,ORF7a:T120I
ORF7b,T40I,AY.4,833785,ORF7b:T40I
ORF8,S84L,AY.4,833785,ORF8:S84L
ORF8,del119/120,AY.4,833785,ORF8:del119/120
N,D63G,AY.4,833785,N:D63G
N,R203M,AY.4,833785,N:R203M
N,G215C,AY.4,833785,N:G215C
N,D377Y,AY.4,833785,N:D377Y
ORF1a,A1306S,AY.127,28023,ORF1a:A1306S
ORF1a,P2046L,AY.127,28023,ORF1a:P2046L
ORF1a,P2287S,AY.127,28023,ORF1a:P2287S
ORF1a,V2930L,AY.127,28023,ORF1a:V2930L
ORF1a,T3255I,AY.127,28023,ORF1a:T3255I
ORF1a,T3646A,AY.127,28023,ORF1a:T3646A
ORF1b,P314L,AY.127,28023,ORF1b:P314L
ORF1b,G662S,AY.127,28023,ORF1b:G662S
ORF1b,P1000L,AY.127,28023,ORF1b:P1000L
ORF1b,A1918V,AY.127,28023,ORF1b:A1918V
S,T19R,AY.127,28023,S:T19R
S,T95I,AY.127,28023,S:T95I
S,E156G,AY.127,28023,S:E156G
S,del157/158,AY.127,28023,S:del157/158
S,L452R,AY.127,28023,S:L452R
S,T478K,AY.127,28023,S:T478K
S,D614G,AY.127,28023,S:D614G
S,P681R,AY.127,28023,S:P681R
S,D950N,AY.127,28023,S:D950N
ORF3a,S26L,AY.127,28023,ORF3a:S26L
ORF3a,G49V,AY.127,28023,ORF3a:G49V
ORF3a,T221K,AY.127,28023,ORF3a:T221K
M,I82T,AY.127,28023,M:I82T
ORF7a,V82A,AY.127,28023,ORF7a:V82A
ORF7a,T120I,AY.127,28023,ORF7a:T120I
ORF7b,T40I,AY.127,28023,ORF7b:T40I
ORF8,S84L,AY.127,28023,ORF8:S84L
ORF8,del119/120,AY.127,28023,ORF8:del119/120
N,D63G,AY.127,28023,N:D63G
N,R203M,AY.127,28023,N:R203M
N,G215C,AY.127,28023,N:G215C
N,D377Y,AY.127,28023,N:D377Y
ORF1a,A1306S,AY.125,30719,ORF1a:A1306S
ORF1a,P2046L,AY.125,30719,ORF1a:P2046L
ORF1a,P2287S,AY.125,30719,ORF1a:P2287S
ORF1a,V2930L,AY.125,30719,ORF1a:V2930L
ORF1a,T3255I,AY.125,30719,ORF1a:T3255I
ORF1a,T3646A,AY.125,30719,ORF1a:T3646A
ORF1b,P314L,AY.125,30719,ORF1b:P314L
ORF1b,G662S,AY.125,30719,ORF1b:G662S
ORF1b,Q813H,AY.125,30719,ORF1b:Q813H
ORF1b,P1000L,AY.125,30719,ORF1b:P1000L
ORF1b,R1813H,AY.125,30719,ORF1b:R1813H
ORF1b,A1918V,AY.125,30719,ORF1b:A1918V
S,T19R,AY.125,30719,S:T19R
S,T95I,AY.125,30719,S:T95I
S,E156G,AY.125,30719,S:E156G
S,del157/158,AY.125,30719,S:del157/158
S,L452R,AY.125,30719,S:L452R
S,T478K,AY.125,30719,S:T478K
S,D614G,AY.125,30719,S:D614G
S,P681R,AY.125,30719,S:P681R
S,D950N,AY.125,30719,S:D950N
ORF3a,S26L,AY.125,30719,ORF3a:S26L
ORF3a,D27Y,AY.125,30719,ORF3a:D27Y
M,I82T,AY.125,30719,M:I82T
ORF7a,V82A,AY.125,30719,ORF7a:V82A
ORF7a,T120I,AY.125,30719,ORF7a:T120I
ORF7b,T40I,AY.125,30719,ORF7b:T40I
ORF8,S84L,AY.125,30719,ORF8:S84L
ORF8,del119/120,AY.125,30719,ORF8:del119/120
N,D63G,AY.125,30719,N:D63G
N,R203M,AY.125,30719,N:R203M
N,G215C,AY.125,30719,N:G215C
N,D377Y,AY.125,30719,N:D377Y
ORF1a,I2501T,B.1.258.17,9968,ORF1a:I2501T
ORF1a,M4241I,B.1.258.17,9968,ORF1a:M4241I
ORF1b,P314L,B.1.258.17,9968,ORF1b:P314L
ORF1b,V711I,B.1.258.17,9968,ORF1b:V711I
ORF1b,P976L,B.1.258.17,9968,ORF1b:P976L
ORF1b,H1213Y,B.1.258.17,9968,ORF1b:H1213Y
ORF1b,A1521S,B.1.258.17,9968,ORF1b:A1521S
ORF1b,P1570L,B.1.258.17,9968,ORF1b:P1570L
ORF1b,E1977D,B.1.258.17,9968,ORF1b:E1977D
S,del69/70,B.1.258.17,9968,S:del69/70
S,L189F,B.1.258.17,9968,S:L189F
S,N439K,B.1.258.17,9968,S:N439K
S,D614G,B.1.258.17,9968,S:D614G
S,V772I,B.1.258.17,9968,S:V772I
ORF3a,Q185H,B.1.258.17,9968,ORF3a:Q185H
ORF8,E64*,B.1.258.17,9968,ORF8:E64*
ORF8,S84L,B.1.258.17,9968,ORF8:S84L
ORF1a,D691N,AY.6,29011,ORF1a:D691N
ORF1a,A1306S,AY.6,29011,ORF1a:A1306S
ORF1a,P2046L,AY.6,29011,ORF1a:P2046L
ORF1a,P2287S,AY.6,29011,ORF1a:P2287S
ORF1a,V2930L,AY.6,29011,ORF1a:V2930L
ORF1a,T3255I,AY.6,29011,ORF1a:T3255I
ORF1a,T3646A,AY.6,29011,ORF1a:T3646A
ORF1b,P314L,AY.6,29011,ORF1b:P314L
ORF1b,G662S,AY.6,29011,ORF1b:G662S
ORF1b,P1000L,AY.6,29011,ORF1b:P1000L
ORF1b,E1288D,AY.6,29011,ORF1b:E1288D
ORF1b,A1918V,AY.6,29011,ORF1b:A1918V
S,T19R,AY.6,29011,S:T19R
S,E156G,AY.6,29011,S:E156G
S,del157/158,AY.6,29011,S:del157/158
S,L452R,AY.6,29011,S:L452R
S,T478K,AY.6,29011,S:T478K
S,D614G,AY.6,29011,S:D614G
S,P681R,AY.6,29011,S:P681R
S,D950N,AY.6,29011,S:D950N
ORF3a,S26L,AY.6,29011,ORF3a:S26L
M,I82T,AY.6,29011,M:I82T
ORF7a,V82A,AY.6,29011,ORF7a:V82A
ORF7a,T120I,AY.6,29011,ORF7a:T120I
ORF7b,T40I,AY.6,29011,ORF7b:T40I
ORF8,S84L,AY.6,29011,ORF8:S84L
ORF8,del119/120,AY.6,29011,ORF8:del119/120
N,D63G,AY.6,29011,N:D63G
N,R203M,AY.6,29011,N:R203M
N,G215C,AY.6,29011,N:G215C
N,D377Y,AY.6,29011,N:D377Y
ORF1a,K261N,AY.122.2,3370,ORF1a:K261N
ORF1a,A1306S,AY.122.2,3370,ORF1a:A1306S
ORF1a,P2046L,AY.122.2,3370,ORF1a:P2046L
ORF1a,P2287S,AY.122.2,3370,ORF1a:P2287S
ORF1a,V2930L,AY.122.2,3370,ORF1a:V2930L
ORF1a,T3255I,AY.122.2,3370,ORF1a:T3255I
ORF1a,T3646A,AY.122.2,3370,ORF1a:T3646A
ORF1b,C142Y,AY.122.2,3370,ORF1b:C142Y
ORF1b,P314L,AY.122.2,3370,ORF1b:P314L
ORF1b,G662S,AY.122.2,3370,ORF1b:G662S
ORF1b,P1000L,AY.122.2,3370,ORF1b:P1000L
ORF1b,A1918V,AY.122.2,3370,ORF1b:A1918V
S,T19R,AY.122.2,3370,S:T19R
S,G142D,AY.122.2,3370,S:G142D
S,E156G,AY.122.2,3370,S:E156G
S,del157/158,AY.122.2,3370,S:del157/158
S,A411S,AY.122.2,3370,S:A411S
S,L452R,AY.122.2,3370,S:L452R
S,T478K,AY.122.2,3370,S:T478K
S,D614G,AY.122.2,3370,S:D614G
S,P681R,AY.122.2,3370,S:P681R
S,D950N,AY.122.2,3370,S:D950N
ORF3a,S26L,AY.122.2,3370,ORF3a:S26L
M,I82T,AY.122.2,3370,M:I82T
ORF7a,P45L,AY.122.2,3370,ORF7a:P45L
ORF7a,V82A,AY.122.2,3370,ORF7a:V82A
ORF7a,T120I,AY.122.2,3370,ORF7a:T120I
ORF7b,T40I,AY.122.2,3370,ORF7b:T40I
ORF8,S84L,AY.122.2,3370,ORF8:S84L
ORF8,del119/120,AY.122.2,3370,ORF8:del119/120
N,D63G,AY.122.2,3370,N:D63G
N,R203M,AY.122.2,3370,N:R203M
N,G215C,AY.122.2,3370,N:G215C
N,D377Y,AY.122.2,3370,N:D377Y
ORF1a,E87D,AY.98,42559,ORF1a:E87D
ORF1a,A1306S,AY.98,42559,ORF1a:A1306S
ORF1a,P2046L,AY.98,42559,ORF1a:P2046L
ORF1a,P2287S,AY.98,42559,ORF1a:P2287S
ORF1a,V2930L,AY.98,42559,ORF1a:V2930L
ORF1a,T3255I,AY.98,42559,ORF1a:T3255I
ORF1a,T3646A,AY.98,42559,ORF1a:T3646A
ORF1b,P314L,AY.98,42559,ORF1b:P314L
ORF1b,G662S,AY.98,42559,ORF1b:G662S
ORF1b,P1000L,AY.98,42559,ORF1b:P1000L
ORF1b,A1918V,AY.98,42559,ORF1b:A1918V
S,T19R,AY.98,42559,S:T19R
S,G142D,AY.98,42559,S:G142D
S,E156G,AY.98,42559,S:E156G
S,del157/158,AY.98,42559,S:del157/158
S,L452R,AY.98,42559,S:L452R
S,T478K,AY.98,42559,S:T478K
S,D614G,AY.98,42559,S:D614G
S,P681R,AY.98,42559,S:P681R
S,D950N,AY.98,42559,S:D950N
ORF3a,S26L,AY.98,42559,ORF3a:S26L
M,I82T,AY.98,42559,M:I82T
ORF7a,V82A,AY.98,42559,ORF7a:V82A
ORF7a,T120I,AY.98,42559,ORF7a:T120I
ORF7b,T40I,AY.98,42559,ORF7b:T40I
ORF8,S84L,AY.98,42559,ORF8:S84L
ORF8,del119/120,AY.98,42559,ORF8:del119/120
N,D63G,AY.98,42559,N:D63G
N,R203M,AY.98,42559,N:R203M
N,G215C,AY.98,42559,N:G215C
N,D377Y,AY.98,42559,N:D377Y
ORF1a,K261N,AY.122.3,1140,ORF1a:K261N
ORF1a,A1306S,AY.122.3,1140,ORF1a:A1306S
ORF1a,P2046L,AY.122.3,1140,ORF1a:P2046L
ORF1a,P2287S,AY.122.3,1140,ORF1a:P2287S
ORF1a,V2930L,AY.122.3,1140,ORF1a:V2930L
ORF1a,T3255I,AY.122.3,1140,ORF1a:T3255I
ORF1a,T3646A,AY.122.3,1140,ORF1a:T3646A
ORF1a,T4083M,AY.122.3,1140,ORF1a:T4083M
ORF1b,P314L,AY.122.3,1140,ORF1b:P314L
ORF1b,G662S,AY.122.3,1140,ORF1b:G662S
ORF1b,P1000L,AY.122.3,1140,ORF1b:P1000L
ORF1b,A1291T,AY.122.3,1140,ORF1b:A1291T
ORF1b,A1918V,AY.122.3,1140,ORF1b:A1918V
S,T19R,AY.122.3,1140,S:T19R
S,G142D,AY.122.3,1140,S:G142D
S,E156G,AY.122.3,1140,S:E156G
S,del157/158,AY.122.3,1140,S:del157/158
S,L452R,AY.122.3,1140,S:L452R
S,T478K,AY.122.3,1140,S:T478K
S,Q613H,AY.122.3,1140,S:Q613H
S,D614G,AY.122.3,1140,S:D614G
S,P681R,AY.122.3,1140,S:P681R
S,D950N,AY.122.3,1140,S:D950N
ORF3a,S26L,AY.122.3,1140,ORF3a:S26L
M,I82T,AY.122.3,1140,M:I82T
ORF7a,V82A,AY.122.3,1140,ORF7a:V82A
ORF7a,T120I,AY.122.3,1140,ORF7a:T120I
ORF7b,T40I,AY.122.3,1140,ORF7b:T40I
ORF8,S84L,AY.122.3,1140,ORF8:S84L
ORF8,del119/120,AY.122.3,1140,ORF8:del119/120
N,D63G,AY.122.3,1140,N:D63G
N,R203M,AY.122.3,1140,N:R203M
N,G215C,AY.122.3,1140,N:G215C
N,D377Y,AY.122.3,1140,N:D377Y
ORF1a,S443F,AY.124,9466,ORF1a:S443F
ORF1a,A1306S,AY.124,9466,ORF1a:A1306S
ORF1a,P2046L,AY.124,9466,ORF1a:P2046L
ORF1a,P2287S,AY.124,9466,ORF1a:P2287S
ORF1a,V2930L,AY.124,9466,ORF1a:V2930L
ORF1a,T3255I,AY.124,9466,ORF1a:T3255I
ORF1a,K3353R,AY.124,9466,ORF1a:K3353R
ORF1a,T3646A,AY.124,9466,ORF1a:T3646A
ORF1b,P314L,AY.124,9466,ORF1b:P314L
ORF1b,G662S,AY.124,9466,ORF1b:G662S
ORF1b,P1000L,AY.124,9466,ORF1b:P1000L
ORF1b,A1918V,AY.124,9466,ORF1b:A1918V
ORF1b,P2612T,AY.124,9466,ORF1b:P2612T
S,T19R,AY.124,9466,S:T19R
S,T95I,AY.124,9466,S:T95I
S,E156G,AY.124,9466,S:E156G
S,del157/158,AY.124,9466,S:del157/158
S,L452R,AY.124,9466,S:L452R
S,T478K,AY.124,9466,S:T478K
S,D614G,AY.124,9466,S:D614G
S,P681R,AY.124,9466,S:P681R
S,D950N,AY.124,9466,S:D950N
ORF3a,S26L,AY.124,9466,ORF3a:S26L
M,I82T,AY.124,9466,M:I82T
ORF7a,V82A,AY.124,9466,ORF7a:V82A
ORF7a,T120I,AY.124,9466,ORF7a:T120I
ORF7b,T40I,AY.124,9466,ORF7b:T40I
ORF8,S84L,AY.124,9466,ORF8:S84L
ORF8,del119/120,AY.124,9466,ORF8:del119/120
N,D63G,AY.124,9466,N:D63G
N,R203M,AY.124,9466,N:R203M
N,G215C,AY.124,9466,N:G215C
N,D377Y,AY.124,9466,N:D377Y
